facility_name,address,city,state,zip,county,status,purpose,tenant,mw,information_source,info_source_1,info_source_2,info_source_3
Voltcore Bitcoin Mine,"Union Rd, near intersection Hwy 36 and 67",Somerville,AL,35670.0,Morgan,Suspended,Crypto,,,Media Monitoring,https://www.datacenterdynamics.com/en/news/morgan-county-alabama-passes-data-center-moratorium-blocking-cryptomine-proposal/,,
Arizona Land Consulting Co.,near 33511 Indian School Rd,Tonopah,AZ,85354.0,Maricopa,Proposed,,,1500,Media Monitoring,https://www.bloomberg.com/news/articles/2025-05-27/palihapitiya-buys-stake-in-arizona-property-for-data-center-bet,https://www.datacenterdynamics.com/en/news/arizona-land-consulting-buys-land-for-potential-15gw-data-center/,
Data center: Davis-Monthan Air Force Base,,Tucson,AZ,85707.0,Pima,Proposed,,,,Media Monitoring,https://www.datacenterdynamics.com/en/news/us-department-of-the-air-force-accepting-proposals-for-ai-data-centers-in-military-bases/,https://www.datacenterdynamics.com/en/news/eia-retired-military-jet-engines-could-be-repurposed-to-power-data-centers/,
Coachella Valley Technology Campus,52nd Ave & Fillmore St,Coachella,CA,92274.0,Riverside,Proposed,,,270-600,Media Monitoring,https://www.datacenterdynamics.com/en/news/600mw-data-center-could-be-built-in-coachella-california/,https://www.businessinsider.com/coachella-considers-halting-a-major-data-center-project-amid-protests-2026-5?utm_campaign=inventions-link-post&utm_medium=social&utm_source=facebook,
ECL,411 Clyde Ave,Mountain View,CA,94043.0,Santa Clara,Operating,,,,Media Monitoring,,,
Colovore,3060 Raymond Street,Santa Clara,CA,95054.0,Santa Clara,Operating,,,,Media Monitoring,https://www.datacenterdynamics.com/en/news/colovore-plans-data-center-in-austin-texas/,,
Colovore,1101 Space Park Drive,Santa Clara,CA,95054.0,Santa Clara,Operating,,,,Media Monitoring,https://www.datacenterdynamics.com/en/news/colovore-plans-data-center-in-austin-texas/,,
EdgeConneX Edge Data Center Santa Clara,1700 Richard Ave,Santa Clara,CA,95050.0,Santa Clara,Operating,,,,Media Monitoring,https://www.edgeconnex.com/locations/americas/santa-clara-ca/,,
Menlo Equities Data Centere,894 Ross Dr,Sunnyvale,CA,94089.0,Santa Clara,Proposed,,,49,Media Monitoring,https://www.datacenterdynamics.com/en/news/menlo-equities-pivots-office-site-in-silicon-valley-to-data-center-development/,,
DEN1,7347 S. Revere Parkway Building C,Centennial,CO,80112.0,Arapahoe,Operating,,,2,Media Monitoring,https://www.expedient.com/data-centers/denver/,,
Atlas Capital Group,132 Griffin Rd N,Bloomfield,CT,6002.0,Hartford,Proposed,,,,Media Monitoring,https://www.ctinsider.com/business/article/ct-bloomfield-data-center-proposal-20758986.php,,
Starwood Digital Ventures,Governor Lea Rd,New Castle,DE,19720.0,New Castle,Suspended,,,1200,Media Monitoring,https://www.datacenterdynamics.com/en/news/starwood-files-to-develop-12gw-11-building-data-center-campus-in-delaware/,https://www.delawareonline.com/story/money/business/2025/07/17/data-center-new-castle-county-delaware/85239325007/,https://www.datacenterdynamics.com/en/news/applicant-appeals-data-center-rejection-in-delaware/
Fort Meade Data Center,Co Rd 700,Fort Meade,FL,33841.0,Polk,Approved/Permitted/Under construction,,,,Media Monitoring,https://www.datacenterdynamics.com/en/news/44-million-sq-ft-data-center-campus-gets-zoning-approval-in-fort-meade-florida/,https://www.datacenterdynamics.com/en/news/plans-to-build-1300-acre-data-center-in-fort-meade-florida-gets-go-ahead-from-officials/,
Sentinel Grove Technology Park/ Project Jarvis,Minute Maid Rd & Orange Ave,Fort Pierce,FL,34945.0,St Lucie,Suspended,,,1000,Media Monitoring,https://www.datacenterdynamics.com/en/news/officials-fail-to-back-plans-for-1gw-data-center-campus-in-florida/,https://www.tcpalm.com/story/news/local/st-lucie-county/2025/10/23/13-billion-data-center-largest-in-florida-planned-on-treasure-coast/86770609007,https://www.datacenterdynamics.com/en/news/data-center-developer-withdraws-application-in-florida-in-response-to-proposed-regulations/
Project Swan,923 Wilkinson Rd,Lakeland,FL,33803.0,Polk,Proposed,,,,Media Monitoring,https://www.datacenterdynamics.com/en/news/600000-sq-ft-project-swan-data-center-could-be-built-in-lakeland-florida/,,
Project Tango,near 20125 Southern Blvd,Loxahatchee,FL,33470.0,Palm Beach,Approved/Permitted/Under construction,,,,Media Monitoring,https://www.datacenterdynamics.com/en/news/37-million-sq-ft-data-center-campus-gets-initial-ok-from-officials-in-florida/,https://www.centralparkcommercecenter.com/?gad_source=1&gad_campaignid=23618902760&gbraid=0AAAABDBJa97eBuMRlkuHAKrIbasfiOwuK&gclid=CjwKCAjwjtTNBhB0EiwAuswYhj3-_K3T9s7db44QwVV6j0ZsEQnNwx_-C4jOldThZx7BgnJzaq_PSRoC62EQAvD_BwE,https://cbs12.com/news/local/what-is-an-ai-data-center-palm-beach-county-debate-over-project-tango-explained
Okee-One ,7200 US-441,Okeechobee,FL,34972.0,Okeechobee,Cancelled,,,,Media Monitoring,https://www.wptv.com/news/treasure-coast/region-okeechobee-county/vote-by-okeechobee-county-commissioners-kills-controversial-okee-one-data-center-project,https://www.wgcu.org/section/science/2026-04-24/okeechobeeokee-onedoa,https://cbs12.com/news/local/-florida-news-public-outcry-wins-okeechobee-scraps-data-center-project-special-technology-opportunity-centers-comprehensive-plan-future-land-use-transportation-housing-infrastructure-recreation-intergovernmental-coordination-capital-improve
Project JGK,"White Oak Technology Park, Appling-Harlem Rd",Appling,GA,30814.0,Columbia,Proposed,,,,Media Monitoring,https://www.augustachronicle.com/story/business/2025/05/01/columbia-county-technology-park-project-valued-at-11-billion-data-centers-economic-development/83375427007/,,
EdgeConneX,Stonewall Tell Rd,Atlanta,GA,30349.0,Fulton,Proposed,,,324,Media Monitoring,https://www.datacenterdynamics.com/en/news/ta-realty-files-for-1-million-sq-ft-data-center-campus-outside-atlanta-georgia/,,
Vantage Data Centers Stacks Road Campus,5531 Mallory Rd,Atlanta,GA,30349.0,Fulton,Proposed,,,,Media Monitoring,https://www.datacenterdynamics.com/en/news/vantage-files-for-two-data-center-campuses-outside-atlanta-georgia/,,
Vantage: Westlake Project,6605 Plummer Rd SW,Atlanta,GA,30331.0,Fulton,Proposed,,,,Media Monitoring,https://www.datacenterdynamics.com/en/news/vantage-files-for-two-data-center-campuses-outside-atlanta-georgia/,,
T5: Project Eisenhower,2111 Powell Rd,Augusta,GA,30909.0,Richmond,Approved/Permitted/Under construction,,,,Media Monitoring,https://www.datacenterdynamics.com/en/news/plans-filed-to-expand-former-t5-campus-site-in-augusta-georgia/,,
Project Blue Hole,Martha Berry Hwy,Blakely,GA,39823.0,Early,Proposed,,,,Crowdsourced,https://www.developearly.com/post/top-10-most-faq-about-qts-blakely,https://qtsdatacenters.com/data-centers/blakely/,https://www.earlycountynews.com/articles/qts-data-centers-considers-a-location-in-blakely/
Project Ruby,Just west of Talbot Energy Facility,Box Springs,GA,31801.0,Muscogee,Proposed,,,,Media Monitoring,https://www.ledger-enquirer.com/news/business/article314817948.html,https://www.wrbl.com/top-stories/columbus-city-council-discusses-proposed-5-18-billion-data-center-residents-voice-concern/,
Data Center,"GA-53 Spur, adj to Fair's Auto Services",Calhoun,GA,30701.0,Gordon,Proposed,,,,Media Monitoring,https://www.timesfreepress.com/news/2026/jun/27/calhoun-georgia-looks-to-understand-what-a-500k,https://coosavalleynews.com/2026/04/calhoun-approves-90-day-moratorium-on-data-centers/,
Data center,615 South Thornton Avenue,Dalton,GA,30720.0,Whitfield,Operating,,,,Media Monitoring,https://invest.jll.com/us/en/listings/special-purpose-facility/8-asset-switch-portfolio,,
T5 ATL IV,Gullatt Road,Fairburn,GA,30268.0,Fulton,Proposed,,,,Media Monitoring,https://www.datacenterdynamics.com/en/news/t5-files-to-develop-data-center-campus-outside-atlanta-georgia/,,
Crow Holdings Development ,south of Roberts Rd and west of Hwy 85,Fayetteville,GA,30214.0,Fayette,Cancelled,,,,Media Monitoring,https://www.datacenterdynamics.com/en/news/developer-effectively-withdraws-application-for-data-center-in-fayetteville-georgia/,,
75 South Data Center Campus,~1201 Tomochichi Rd,Griffin,GA,30223.0,Spalding,Proposed,,,,Media Monitoring,https://www.datacenterdynamics.com/en/news/hillwood-affiliate-files-to-develop-22-million-sq-ft-data-center-campus-outside-atlanta-georgia/,https://www.facebook.com/groups/saveruralspalding/posts/1424956929359534/,https://apps.dca.ga.gov/DRI/InitialForm.aspx?driid=4607
Wallace Jackson Data Center Campus,5745 Jackson Rd,Griffin,GA,30223.0,Spaulding,Proposed,,,,Media Monitoring,https://www.datacenterdynamics.com/en/news/application-filed-for-5-million-sq-ft-data-center-campus-outside-atlanta-georgia/,https://apps.dca.ga.gov/DRI/InitialForm.aspx?driid=4599,
0 Rocky Creek Data Center Campus,GA-20 & Rocky Creek Rd,Hampton,GA,30228.0,Henry,Proposed,,,,Media Monitoring,https://www.datacenterdynamics.com/en/news/125-million-sq-ft-data-center-proposed-outside-atlanta-georgia,,
Hogansville Data Center,Hightower Rd,Hogansville,GA,30230.0,Troup,Proposed,,,600,Media Monitoring,https://www.gpb.org/news/2025/11/26/why-are-troup-county-residents-saying-no-600-mw-data-center-in-hogansville,https://www.nytimes.com/2025/11/30/us/politics/data-centers-electric-bills-georgia.html,https://www.lagrangenews.com/news/hogansville-residents-protest-against-proposed-data-center-c8f47f93
Bolingbroke Technology Campus,,Macon,GA,31220.0,Monroe,Cancelled,,,900,Media Monitoring,https://www.datacenterdynamics.com/en/news/900mw-data-center-campus-proposed-outside-macon-georgia/,https://www.datacenterdynamics.com/en/news/rezoning-proposal-for-12gw-data-center-campus-outside-macon-georgia-denied-recommendation-for-approval/,https://www.macon.com/news/politics-government/article311600981.html
Grindcap,Bells Ferry Rd,Marietta,GA,30066.0,Cobb,Proposed,,,108,Media Monitoring,https://www.datacenterdynamics.com/en/news/108mw-data-center-campus-granted-zoning-approval-outside-atlanta-georgia/,,
Project Arrowhead,Between Ponderosa and Pinetta Rd,Ocilla,GA,31774.0,Irwin,Proposed,,,1250,Media Monitoring,https://www.change.org/p/protect-irwin-county-from-data-centers,https://apps.dca.ga.gov/DRI/AppSummary.aspx?driid=4689,https://cleanview.co/public/data-centers/georgia/2231/project-arrowhead
Gregory Road Data Center,Gregory Rd and Flat Rock Rd,Oxford,GA,30054.0,Newton,Proposed,,,,Media Monitoring,https://www.datacenterdynamics.com/en/news/plans-filed-for-14-million-sq-ft-data-center-campus-outside-atlanta-georgia/,,
T5,Palmetto Tyrone Rd,Palmetto,GA,30122.0,Coweta,Proposed,,,,Media Monitoring,https://www.datacenterdynamics.com/en/news/t5-requests-permission-for-3-million-sq-ft-campus-outside-atlanta-georgia/,,
Atlas Battey Business Complex,Floyd County,Rome,GA,30161.0,Floyd,Proposed,,,500-900,Media Monitoring,https://www.datacenterdynamics.com/en/news/data-center-planned-on-114-acre-plot-in-rome-georgia/,https://www.northwestgeorgianews.com/rome/news/local/battey-business-complex-demolition-to-start-next-summer/article_4916b177-51d6-4d8e-98e4-8e312609878b.html,https://www.facebook.com/bartowcountygeorgiamediagroup/posts/things-are-heating-up-in-floyd-county-over-data-centers-and-open-meeting-complai/871398232192995/
Project Gracie (Atlas Development),Vann Rd NW,Rome,GA,30161.0,Floyd,Proposed,,,,Media Monitoring,https://www.datacenterdynamics.com/en/news/atlas-plans-24-million-sq-ft-data-center-campus-outside-rome-georgia/,,
Project Sassy,Plainville Rd NE & Hwy 53,Rome,GA,30161.0,Floyd,Proposed,,,504,Media Monitoring,https://www.datacenterdynamics.com/en/news/atlas-named-as-developer-on-project-sassy-in-rome-georgia/,,
Project Azalea,2660-2358 Randall Hunt Rd,Thomson,GA,30824.0,McDuffie,Approved/Permitted/Under construction,,,,Media Monitoring,https://www.datacenterdynamics.com/en/news/plans-filed-for-six-building-data-center-campus-outside-augusta-georgia/,https://www.datacenterdynamics.com/en/news/200-acre-project-azalea-data-center-approved/,
Union City Data Center,State Route 138 and Buffington Road,Union City,GA,30291.0,Fulton,Proposed,,,,Sci4GA,https://share.newsbreak.com/f5k7f69n?s=i3,,
Atlas ,S. Van Wert Rd and NE Hickory Level Rd,Villa Rica,GA,30180.0,Carroll,Proposed,,,,Media Monitoring,https://www.datacenterdynamics.com/en/news/atlas-files-for-428-acre-technology-and-data-park-outside-atlanta-georgia/,,
Mililani Technology Park,100 Kahelu Ave,Mililani,HI,96789.0,Honolulu,Expanding,,,,Media Monitoring,https://www.datacenterdynamics.com/en/news/hawaii-based-cloud-provider-servpac-expands-data-center/,,
Barrington Hills Data Center,Pond Gate Dr & Penny Rd,Barrington Hills,IL,60010.0,Cook,Cancelled,,,,Media Monitoring,https://www.shawlocal.com/northwest-herald/news/2026/01/29/2-billion-data-center-proposal-in-barrington-hills-withdrawn/,https://www.datacenterdynamics.com/en/news/brennan-investment-group-withdraws-plans-for-2bn-data-center-outside-chicago-illinois/,
Stream Data Center: Chicago 1,2080 Lunt Ave,Elk Grove Village,IL,60007.0,Cook,Operating,,,15,Media Monitoring,https://www.datacenterdynamics.com/en/news/aligned-stream-and-nexstar-planning-data-center-campuses-in-elk-grove-area-of-chicago/,,
Stream Data Center: Chicago 2,1925 Busse Road,Elk Grove Village,IL,60007.0,Cook,Operating,,,32,Media Monitoring,https://www.datacenterdynamics.com/en/news/aligned-stream-and-nexstar-planning-data-center-campuses-in-elk-grove-area-of-chicago/,,
,13400 S Kedzie Ave,Robbins,IL,60472.0,Cook,Proposed,,,,Media Monitoring,https://www.datacenterdynamics.com/en/news/closed-incinerator-near-chicago-eyed-for-potential-data-center-development/,,
IND1,701 Congressional Blvd,Carmell,IN,46032.0,Hamilton,Operating,,,4.4,Media Monitoring,https://www.expedient.com/data-centers/indianapolis/,,
Provident Realty Advisors,1110 Pearson Rd,Chesteron,IN,46304.0,Porter,Cancelled,,,,Media Monitoring,https://www.datacenterdynamics.com/en/news/application-for-13bn-data-center-in-chesterton-indiana-withdrawn/,https://www.datacenterwatch.org/report,
Project Redline,,Hancock County,IN,,Hancock,Proposed,,,,Media Monitoring,https://dailyjournal.net/2025/06/26/iedc-board-approves-incentives-for-four-planned-data-center-projects/,,
Surge Development LLC,N 400 W and W 500 N County Rds,McCordsville,IN,46055.0,Hancock,Cancelled,,,,Media Monitoring,https://www.wthr.com/article/news/local/public-meeting-set-for-proposed-data-center-campus-in-rural-hancock-county-tuttle-orchards/531-83634bf4-6c95-4d7a-994c-ea114fa0de2c,https://www.wthr.com/article/money/business/application-withdrawn-surge-development-hancock-county-greenfield-data-center-tuttle-orchards/531-48204cbc-eba5-4666-bd66-6e88cb6d2412,
Project Louie,"between Keller Hill Road, North Antioch Road, Indiana 42, and West Union Church Rds",Monroe Township,IN,46158.0,Morgan,Proposed,,,,Media Monitoring,https://www.datacenterdynamics.com/en/news/391-acre-data-center-campus-proposed-in-morgan-county-indiana/,https://dailyjournal.net/2025/06/26/iedc-board-approves-incentives-for-four-planned-data-center-projects/,
Agincourt,Between County Road 400 North and County Road 500 North,Valparaiso,IN,46383.0,Porter,Suspended,,,,Media Monitoring,https://www.datacenterdynamics.com/en/news/indianas-city-of-valparaiso-pulls-the-plug-on-agincourt-data-center-project/,https://www.chicagotribune.com/2025/03/11/citizens-outcry-for-transparency-impact-of-potential-data-center-development-in-valparaiso/,
Flint Hills Digital Campus,Hwy 150,Emporia,KS,66801.0,Lyon,Proposed,,,1000,Media Monitoring,https://www.datacenterdynamics.com/en/news/gigawatt-scale-data-center-campus-proposed-in-kansas/,,
Red Wolf Properties,13037 Parallel Pkwy,Kansas City,KS,66109.0,Wyandotte,Proposed,,,600,Media Monitoring,https://www.kshb.com/news/local-news/multibillion-dollar-data-center-proposal-makes-its-way-to-kansas-city-kansas,https://www.datacenterdynamics.com/en/news/600mw-data-center-campus-proposed-outside-kansas-city-kansas/,https://www.kcur.org/environment-agriculture/2025-11-09/data-center-kansas-city-wyandotte-county
LFF Industrial ,S Steward Rd,Rochelle,KS,61068.0,Ogle,Suspended,,,48,Media Monitoring,https://www.datacenterdynamics.com/en/news/planning-decision-on-rochelle-illinois-data-center-postponed/,,
Ekron Data Center,25025 Joe Prather Hwy,Ekron,KY,40117.0,Meade,Cancelled,,,,Media Monitoring,https://www.datacenterdynamics.com/en/news/officials-in-meade-county-kentucky-reject-data-center-rezoning-plan/,,
TenKey LandCo ,"Steele Rd, Gateway 65 Industrial Park",Franklin,KY,24134.0,Simpson,Approved/Permitted/Under construction,,,,Media Monitoring,https://www.datacenterdynamics.com/en/news/data-center-proposal-in-franklin-kentucky-gets-approval-from-planning-and-zoning-commission/,https://tenkeydatacenter.com/,https://www.franklinfavorite.com/news/article_a847db4f-a029-58aa-baee-cb01774ca008.html
Lexington Data center,151 Martin Luther King Blvd,Lexington,KY,40508.0,Fayette,Operating,,,,Media Monitoring,https://invest.jll.com/us/en/listings/special-purpose-facility/8-asset-switch-portfolio,,
Fortune 500 ,"Big Pond Rd, Valley Pike, Germantown Rd",Maysville,KY,41056.0,Mason,Proposed,,,400,Media Monitoring,https://local12.com/news/local/nky-officials-hear-plan-2000-acre-hyperscale-data-center-complex-tech-technology-special-meeting-maysville-kentucky-fortune-50-company-contracts-property-owners-selling-land-rights-job-jobs-cost-consturction-renderings-nda-corporations,https://www.cityofmaysvilleky.gov/departments/codes_department/data_center.php,https://cms5.revize.com/revize/maysville/Document%20Center/Forms/New%20node/Planning%20&%20Zoning/Mason%20County%20Data%20Center%20Site%20Maps.pdf?t=202603161623080&t=202603161623080
Project Sophie ,,Murray,KY,,Calloway,Operating,,,25,Media Monitoring,https://baxtel.com/data-center/soluna-project-sophie?lat=36.54308464821985&lng=-88.36226063424738&distance=27294.14912016671,https://www.datacenterdynamics.com/en/news/soluna-to-develop-two-new-data-centers-in-texas-with-a-combined-capacity-of-350mw/,
MS Solar Grid Data,Interstate 10 and Read Blvd,New Orleans East,LA,70127.0,Orleans,Suspended,,,,Crowdsourced,https://veritenews.org/2026/01/28/data-centers-ban-new-orleans-council/,https://www.all4energy.org/watchdog/statement-on-data-centers-in-nola/,https://wgno.com/news/louisiana/orleans-parish/new-orleans-city-council-pauses-proposed-data-center-in-new-orleans-east/
Shreveport Data Center,7340 Greenwood Rd,Shreveport,LA,71119.0,Caddo,Proposed,,,,Media Monitoring,https://web.archive.org/web/20250912021859/https://www.shreveportbossieradvocate.com/business/west-shreveport-tapped-for-one-million-square-foot-data-center/article_f58624b7-a568-433b-8943-9200c28cde51.html,,
Everett Data Center,Everett Docklands Innovation District,Everett,MA,2149.0,Middlesex,Proposed,,,,Media Monitoring,https://advocatenews.net/everett/news/city-councillors-question-plan-for-data-center-in-docklands-innovation-district/,,
Medford Data Center,1 Cabot Rd,Medford,MA,2155.0,Middlesex,Operating,,,3.2,Media Monitoring,https://www.expedient.com/data-centers/boston/,,
Tidepoint,"1050 Hull Street, Suite 150",Baltimore,MD,21230.0,Baltimore,Operating,,,1.5,Media Monitoring,https://www.expedient.com/data-centers/baltimore/,,
Dickerson Data Centers,21200 Martinsburg Rd,Dickerson,MD,20842.0,Montgomery,Proposed,,,300,Crowdsourced,https://www.thebanner.com/economy/growth-development/data-centers-agricultural-reserve-development-dickerson-battery-storage-potomac-river-IENOJKGJKJGDLL7DU53KSKMQ2U/,https://wtop.com/montgomery-county/2026/02/coming-at-us-way-too-fast-public-comment-on-data-centers-in-montgomery-county/,
Aligned IAD-06 ,Near 5601 Manor Woods Rd,Frederick,MD,21703.0,Frederick,Approved/Permitted/Under construction,,,72,Media Monitoring,https://www.datacenterdynamics.com/en/news/aligned-tops-out-maryland-data-center/,,
Quantum Frederick,5601 Manor Woods Rd,Frederick,MD,21703.0,Frederick,Proposed,,,"264-2,400",Media Monitoring,https://www.datacenterdynamics.com/en/news/aligned-looks-to-develop-three-more-data-centers-at-quantum-frederick-park-in-maryland/,https://news.alcoa.com/press-releases/press-release-details/2021/Alcoa-Sells-Former-Eastalco-Site-for-100-Million-Buyer-to-Use-Repurposed-Land-for-Next-Generation-Data-Centers/default.aspx,https://www.wypr.org/wypr-news/2025-09-19/maryland-organizations-put-spotlight-on-data-center-industry
BWI1,11155 Red Run Blvd #200,Owings Mills,MD,21117.0,Baltimore,Operating,,,0.8,Media Monitoring,https://www.expedient.com/data-centers/baltimore/,,
Prosperity Drive Data Center,12401 Prosperity Dr,Silver Spring,MD,20904.0,Montgomery,Operating,,,5-100,Media Monitoring,https://www.datacenterdynamics.com/en/news/data-center-in-maryland-sold-to-local-real-estate-group/,,
Kalamazoo County Data Center,S 26th Street and E N Avenue,Kalamazoo,MI,49048.0,Kalamazoo,Suspended,,,,Media Monitoring,https://www.youtube.com/watch?v=7TLuvv42Hjo,https://wwmt.com/news/local/data-center-indistrial-hub-pavilion-township-community-concerns-halt-project-kalamazoo-county-franklin-partners-llc,
Rocklocker LLC,Island Lake and South River Rds,Kalkaska Township,MI,49646.0,Kalkaska,Cancelled,,,1000,Media Monitoring,https://www.datacenterdynamics.com/en/news/opposition-leads-developer-to-withdraw-data-center-proposal-in-kalkaska-county-michigan/,https://www.interlochenpublicradio.org/2025-11-19/yall-should-stop-crowd-gives-cold-response-to-kalkaska-data-center-idea,https://www.9and10news.com/2025/11/17/residents-voice-concerns-over-proposed-data-center-in-kalkaska-county
Lower Peninsula Data Center,Lower Peninsula,Lower Peninsula,MI,,Isabella,Proposed,,,1000,Media Monitoring,https://www.datacenterdynamics.com/en/news/michigan-utility-consumers-energy-to-provide-1gw-of-power-to-new-hyperscale-data-center/,,
Columbia Data Center,3815 N Hinkson Creek Rd,Columbia,MO,65202.0,Boone,Proposed,,,,Media Monitoring,https://gocolumbiamo.legistar.com/View.ashx?M=F&ID=14838831&GUID=CD9D24B9-05B4-4203-B9BA-8DC02DA95B03,https://www.komu.com/news/midmissourinews/columbia-residents-speak-against-rezoning-farm-land-for-possible-data-center/article_c4429655-ed89-51d3-a5df-6e57681b2548.html,
Project Kestrel ,State Rte 92 & N Winan Rd,Kansas City,MO,64079.0,Platte,Proposed,,,,Media Monitoring,https://www.kshb.com/news/local-news/tech-firm-eyes-development-for-6-data-centers-north-of-kansas-city-international-airport,https://fox4kc.com/news/100-billion-data-center-coming-to-kansas-citys-northland/,https://fox4kc.com/news/100-billion-data-center-coming-to-kansas-citys-northland/
Project Tiger Zou,5223 State Hwy AA,Moberly,MO,65270.0,Randolph,Proposed,,,,Crowdsourced,https://jeremyhasnoplan.com/notes/missouri-data-center-gold-rush/,https://mccmeetingspublic.blob.core.usgovcloudapi.net/moberly-meet-b1f2d06cb1df41dea662239e37259894/ITEM-Attachment-001-129fe376fd124959923d817f5399c4e1.pdf,
Sarcoxie Data Center,"County Rd 20, near the Liberty Energy Park near Fir Road and County Road 30",Sarcoxie,MO,64862.0,Jasper,Proposed,,,,Crowdsourced,https://www.koamnewsnow.com/news/top-stories/jasper-county-residents-voice-concerns-over-proposed-data-center-development/article_6faf3e40-f7dd-40d1-ad5e-215025dbd4b5.html,https://www.fourstateshomepage.com/news/local/rural-jasper-county-data-center-proposal-sparks-controversy/amp/,https://www.yahoo.com/news/articles/minnesota-company-plans-data-center-223100174.html
Project Cumulus,Elm Point Ave,St Charles,MO,63301.0,St. Charles,Proposed,,,,Media Monitoring,https://www.ksdk.com/article/money/economy/energy/missouri-massive-data-center-st-charles-secretive-power-water-worries-polluted-groundwater-protected-wetland/63-cdae3e73-efab-4c0c-9215-938d064188e3,https://www.datacenterdynamics.com/en/news/data-center-in-st-charles-missouri-receives-partial-recommendation-for-approval/,https://www.ksdk.com/article/news/local/st-charles-ai-data-center-ban-first-in-nation/63-2c50fbcf-fcad-4b8d-bbcb-3711f6c2d29d
St Charles Data Center,Hwy 370,St Charles,MO,,St. Charles,Proposed,,,,Media Monitoring,https://fox2now.com/news/missouri/st-charles-proposed-data-center-sparks-environmental-concerns/,,
Netrality Data Centers St. Louis- 210 North Tucker ,210 N Tucker Blvd Suite 1030,St. Louis,MO,63101.0,St. Louis,Operating,,,,Media Monitoring,https://www.firstalert4.com/2025/09/15/after-st-charles-pressed-pause-city-st-louis-considering-data-center-moratorium/,,
Netrality Data Centers St. Louis - 900 Walnut,900 Walnut St,St. Louis,MO,63102.0,St. Louis,Operating,,,,Media Monitoring,https://www.firstalert4.com/2025/09/15/after-st-charles-pressed-pause-city-st-louis-considering-data-center-moratorium/,,
TierPoint - St Louis Olive Data Center,1111 Olive St,St. Louis,MO,63101.0,St. Louis,Operating,,,,Media Monitoring,https://www.firstalert4.com/2025/09/15/after-st-charles-pressed-pause-city-st-louis-considering-data-center-moratorium/,,
Starkville Crypto Mine,near 498 Industrial Park Rd,Starkville,MS,39759.0,Oktibbeha,Proposed,Crypto,,30,Media Monitoring,https://www.datacenterdynamics.com/en/news/30mw-cryptomine-proposed-in-starkville-mississippi/,,
TAC Data Centers: Project Cardinal,North of Perimeter Rd,Great Falls,MT,59401.0,Cascade,Proposed,,,500-600,Media Monitoring,https://www.datacenterdynamics.com/en/news/600mw-data-center-campus-proposed-in-montana/,,
Krambu ,9314 Bonner Mill Rd,Missoula,MT,59808.0,Missoula,Proposed,,,10,Media Monitoring,https://www.datacenterdynamics.com/en/news/developer-krambu-looks-to-build-ai-data-center-in-missoula-county-montana/,https://missoulacountyvoice.com/bonner-data-center,https://www.kpax.com/news/missoula-county/small-ai-data-center-proposed-for-bonner-mill-industrial-park
Fort Bragg Data Center,,Fort Bragg,NC,28310.0,Cumberland and Harnett,Proposed,,,,Media Monitoring,https://www.datacenterdynamics.com/en/news/us-dod-details-military-bases-available-for-ai-data-center-build-out/,,
Project Accelerate,East John St,Matthews,NC,28105.0,Mecklenburg,Cancelled,,,,Media Monitoring,https://www.datacenterdynamics.com/en/news/project-accelerate-data-center-proposal-withdrawn/,,
New Hill Digital Campus,4308 Shearon Harris Rd,New Hill,NC,27562.0,Wake,Proposed,,,,Media Monitoring,https://indyweek.com/news/wake/developer-files-plans-for-digital-campus-in-western-wake/,https://www.newsobserver.com/news/local/counties/wake-county/article311959511.html,https://www.newsobserver.com/news/local/counties/wake-county/article311972258.html
New Hill Digital Campus,"Old US Hwy 1, adjacent to the Shearon Harris Nuclear Plant",New Hill,NC,27562.0,Wake,Cancelled,,,250,Media Monitoring,https://www.datacenterdynamics.com/en/news/developer-withdraws-proposal-for-250mw-data-center-in-apex-north-carolina/,,
Aurum Capital Ventures,E. Main Ave,Bismark,ND,58501.0,Burleigh,Proposed,,,,Media Monitoring,https://www.datacenterdynamics.com/en/news/company-eyes-300-acre-data-center-development-in-bismarck-north-dakota/,,
Atlas Power ,near 5000-5068 143rd Ave NW,Williston,ND,58801.0,Williams,Operating,Crypto,,240-700,Media Monitoring,https://www.inforum.com/business/large-scale-crypto-mining-data-center-planned-for-western-north-dakota-oil-patch,https://cryptosaurus.tech/williams-co-residents-frustrated-by-no-crackdown-on-crypto-mine-state-says-its-a-local-issue/,https://www.kfyrtv.com/2024/03/20/court-hears-arguments-over-atlas-power-data-center-civil-lawsuit/?tbref=hp
Bellevue Data Center,1001 Fort Crook Rd N,Bellevue,NE,68005.0,Sarpy,Operating,,,,Media Monitoring,,,
Lincoln Data Centers,206 S 13th St Ste 605,Lincoln,NE,68508.0,Lancaster,Operating,,,,Media Monitoring,,,
Omaha Data Center,West of Hwy 133,Omaha,NE,68142.0,Douglas,Operating,,,198-474,Media Monitoring,https://epoch.ai/data/data-centers/satellite-explorer/GoogleOmahaNebraska?ref=404media.co,,
Nottingham Data Center,145 Old Turnpike Rd,Nottingham,NH,3290.0,Rockingham,Suspended,,,,Media Monitoring,https://www.datacenterdynamics.com/en/news/proposal-for-data-center-in-nottingham-new-hampshire-withdrawn-after-facing-intense-opposition/,,
Joint Base McGuire-Dix-Lakehurst,3021 McGuire Blvd,Fort Dix,NJ,8641.0,Burlington,Proposed,,,,Media Monitoring,https://www.datacenterdynamics.com/en/news/us-department-of-the-air-force-accepting-proposals-for-ai-data-centers-in-military-bases/,,
Tower Gate Project,Route 130 and Kinkora Rd,Mansfield Twp,NJ,8505.0,Burlington,Cancelled,,,,Media Monitoring,https://www.mansfieldtwp.com/sites/g/files/vyhlif8026/f/news/mayor_statement-3-16-26.pdf,,
New Brunswick Data Center,~100 Jersey Ave,New Brunswick,NJ,8901.0,Middlesex,Cancelled,,,,Media Monitoring,https://www.datacenterdynamics.com/en/news/proposed-data-center-in-new-brunswick-new-jersey-denied-by-local-authorities/,,
Hobbs Data Center,320 N Shipp St,Hobbs,NM,88240.0,Lea,Operating,,,,Media Monitoring,https://invest.jll.com/us/en/listings/special-purpose-facility/8-asset-switch-portfolio,,
Aerospace Data Facility Southwest,12400 NASA Rd,Las Cruces,NM,88012.0,Doña Ana,Operating,,,,Media Monitoring,,,
Novva Data Center (site 2),"I-15 (Apex Industrial Park, North Los Vegas)",Las Vegas,NV,89115.0,Clark,Proposed,,,,Media Monitoring,https://www.datacenterdynamics.com/en/news/novva-data-centers-buys-205-acres-of-land-in-las-vegas-nevada/,https://www.cityofnorthlasvegas.com/business/economic-development/apex-industrial-park,
Jet.AI,Curocee Rd,Moapa,NV,89025.0,Clark,Proposed,,,50,Media Monitoring,https://www.datacenterdynamics.com/en/news/jetai-cce-form-jv-to-develop-50mw-data-center-in-clark-county-nevada/,,
Centra,265 Keystone Ave,Reno,NV,89503.0,Washoe,Approved/Permitted/Under construction,,,12,Media Monitoring,https://www.datacenterdynamics.com/en/news/centra-breaks-ground-on-second-reno-data-center/,,
NV11–NV14 Data Center Campus,100 Electric Ave,Sparks,NV,89437.0,Storey,Proposed,,,224,Media Monitoring,https://www.datacenterdynamics.com/en/news/vantage-announces-224mw-data-center-campus-in-reno-nevada/,,
H5 Data Centers Buffalo," 350 Main Street, 18th/19th Floors, Suite 102",Buffalo,NY,14202.0,Erie,Operating,,,1,Media Monitoring,https://www.datacenters.com/365-bu1-buffalo,https://h5datacenters.com/buffalo-III-data-center.html,https://www.datacenterdynamics.com/en/news/h5-and-novacap-launch-new-data-center-platform-acquire-three-carrier-hotels-from-365/
Tesla Dojo Supercomputer,1339 South Park Ave,Buffalo,NY,14220.0,Erie,Cancelled,,,,Media Monitoring,https://www.wgrz.com/article/money/business/tesla-halts-dojo-project-buffalo-supercomputing-plans/71-76c01060-0511-4fbd-aac7-284d0d7795aa,https://techcrunch.com/2025/09/02/tesla-dojo-the-rise-and-fall-of-elon-musks-ai-supercomputer/,
Greenidge Generation Yates County facility,590 Plant Rd,Dresden,NY,14441.0,Yates,Operating,Bitcoin transitioning to AI,,55,Media Monitoring,https://insideclimatenews.org/news/10052025/new-york-bitcoin-mines-buying-up-power-plants/,https://www.nytimes.com/2023/04/09/business/bitcoin-mining-electricity-pollution.html,https://www.mytwintiers.com/news-cat/local-news/locals-say-a-dresden-bitcoin-mining-operation-is-ruining-seneca-lake/
BlockFusion aka North East Data Center LLC,5380 Frontier Ave.,Niagara Falls,NY,14304.0,Niagara,Operating,,,50+,Media Monitoring,https://finance.yahoo.com/news/blockfusion-wins-approval-reopen-bitcoin-035900770.html,https://cms3.revize.com/revize/repository/niagarafallsny/Documents/Government/Department/Planning%20And%20Environmental/Block%20Fusion%20FEIS/Final%20Environmental%20Impact%20Statement_7.17.25(12819203.1).pdf?908,
Niagara Digital Campus,Rainbow Blvd & John B Daly Blvds,Niagara Falls,NY,14303.0,Niagara,Approved/Permitted/Under construction,,,140,Media Monitoring,https://www.nyiso.com/documents/20142/2226333/2025-Gold-Book-Public.pdf/088438e1-02f1-5316-211b-dbca17c01b4b,https://cms3.revize.com/revize/niagarafallsny/Documents/Government/Department/Planning%20And%20Environmental/PUD%20PETITION_FULL_5.14.2025.pdf,https://finance.yahoo.com/news/nfr-submits-proposed-plans-data-035900195.html
North Tonawanda Data Center,1070 Erie Ave,North Tonawanda,NY,14120.0,Niagara,Operating,,,46,Media Monitoring,https://www.wgrz.com/article/news/local/digihost-crypto-mining-facility-fortistar-power-plant-money-business/71-9fbc4c21-8f47-4cf4-951e-32513d3090a9,https://buffalonews.com/news/local/article_6fb79889-7e52-49e3-9016-7b91fed9b05b.html,
Oneonta Data Center,357 County Highway 9,Oneonta,NY,13820.0,Otsego,Suspended,AI,,,Media Monitoring,https://www.allotsego.com/residents-oppose-data-center-proposal-in-heated-board-meeting/,,
Bloomberg-RDC 8/ Sentinel NY-1,155 Corporate Dr,Orangeburg,NY,10962.0,Rockland,Operating,,,7,Media Monitoring,https://russodevelopment.com/property/rdc-purpose-built-data-center/,https://baxtel.com/data-center/bloomberg-orangetown,
Orangeburg Data Center,1 Ramland Rd,Orangeburg,NY,10962.0,Rockland,Operating,,,24,Media Monitoring,,,
Riverview Innovation & Technology Campus,3800-3875 River Rd,Tonawanda,NY,14150.0,Erie,Suspended,,,600,Media Monitoring,http://www.riverviewtechcampus.com/,https://www.datacenterdynamics.com/en/news/developer-buys-new-york-coal-plant-data-center-project/,https://archive.ph/Y2kcW
Brookhaven Logistics Center,1001 Expressway Dr N,Yaphank,NY,11980.0,Suffolk,Proposed,,,176,Media Monitoring,https://www.newsday.com/long-island/computer-data-center-warehouse-yaphank-hfdnl8i8,,
Aberdeen Data Center,"Former Dayton Power and Light Stuart landfill, 745 US-52",Aberdeen,OH,45101.0,Adams,Proposed,,,400-1100,Media Monitoring,https://www.datacenterdynamics.com/en/news/new-data-center-construction-confirmed-in-adams-county-ohio/,https://www.pjm.com/-/media/DotCom/committees-groups/committees/teac/2026/20260203/20260203-item-06---dayton-supplemental-projects.pdf,
Project Triton,3700 Limestone Dr,Barberton,OH,44203.0,Summit,Proposed,,,,Media Monitoring,https://www.wkyc.com/article/news/local/summit-county/norton-residents-push-back-proposed-data-center-quantum-hpc/95-bded910f-b3ba-496f-8a62-f41b5a0506c0,https://www.qhpcnorton.com/,https://www.beaconjournal.com/story/news/2025/10/13/norton-to-host-meeting-to-discuss-proposed-data-center-at-mine-site/86585723007/
CLE1,15166 Neo Pkwy,Cleveland,OH,44128.0,Cuyahoga,Operating,,,4.7,Media Monitoring,https://www.expedient.com/data-centers/cleveland/,,
CLE2,15248 NEO Parkway,Cleveland,OH,44128.0,Cuyahoga,Operating,,,2,Media Monitoring,https://www.expedient.com/data-centers/cleveland/,,
CMH2,5700 Innovation Dr,Dublin,OH,43016.0,Franklin,Operating,,,4.8,Media Monitoring,https://www.expedient.com/data-centers/columbus/,,
Mara Holdings ,"Long Ridge Energy Station, 43840 OH-7",Hannibal,OH,43931.0,Monroe,Proposed,,,200,Media Monitoring,https://www.datacenterdynamics.com/en/news/mara-acquires-505mw-gas-plant-in-ohio-intends-to-construct-200mw-data-center-at-site/,,
CyrusOne COL-1,12181 Jug St,Johnstown,OH,43031.0,Licking,Approved/Permitted/Under construction,,,,Media Monitoring,https://www.datacenterdynamics.com/en/news/cyrusone-breaks-ground-on-new-albany-ohio-data-center/,,
Johnstown Data Center (Beech Rd.) ,4200 Beech Rd NW,Johnstown,OH,43031.0,Licking,Proposed,,,,Media Monitoring,https://www.datacenterdynamics.com/en/news/amazon-plans-five-building-data-center-campus-in-new-albany-ohio/,,
CMH3,281 E. Powell Rd,Lewis Center,OH,43085.0,Delaware,Operating,,,7,Media Monitoring,https://www.expedient.com/data-centers/columbus/,,
Oregon Data Center,Corduroy and N. Wynn Rds,Oregon,OH,43616.0,Lucas,Proposed,,,,Media Monitoring,https://www.datacenterdynamics.com/en/news/rezoning-requests-approved-for-data-center-outside-toledo-ohio/,,
Aligned NEO-01,2509 Hayes Avenue,Sandusky,OH,44870.0,Erie,Proposed,,,,Media Monitoring,https://www.datacenterdynamics.com/en/news/aligned-acquires-130-acres-in-ohio-for-data-center-campus/,,
CMH1,"5000 Arlington Centre Blvd Building One, Arlington Centre Blvd",Upper Arlington,OH,43220.0,Franklin,Operating,,,1.6,Media Monitoring,https://www.expedient.com/data-centers/columbus/,,
Waterville Data Center,,Waterville,OH ,43566.0,Lucas,Proposed,,,,FOIA/ public records request,https://www.toledoblade.com/local/suburbs/2026/04/23/data-center-discussion-company-is-interested-waterville-township/stories/20260423024,,
Broken Arrow Data Center,Creek Tpke and Hwy 51,Broken Arrow,OK,,Wagoner,Proposed,,,,Media Monitoring,https://www.datacenterdynamics.com/en/news/developer-eyes-broken-arrow-oklahoma-for-new-data-center-development/,,
Project Anthem,E 11th St,Cartoosa,OK,74015.0,Wagoner,Approved/Permitted/Under construction,,,,Media Monitoring,https://www.datacenterdynamics.com/en/news/340-acre-data-center-campus-planned-in-tulsa-oklahoma/,https://nationaltoday.com/us/ok/tulsa/news/2026/03/30/project-anthem-withdraws-tulsa-data-center-rezoning/,https://www.fox23.com/news/company-behind-project-anthem-data-center-withdraws-phase-2-rezoning-request/article_5c3efda4-19ec-4f59-b668-261f04f8e88c.html
Project Mustang,Claremore Industrial Park,Claremore,OK,74017.0,Rogers,Proposed,,,,Media Monitoring,https://www.datacenterdynamics.com/en/news/beale-infrastructure-in-talks-to-build-data-center-campus-outside-tulsa-oklahoma/,https://morestartshere.com/site-selection/claremore-industrial-park/,https://constructionreviewonline.com/beale-infrastructure-in-talks-to-build-project-mustang-data-center-campus-outside-tulsa-oklahoma/
Luther Data Center,NE 206th St corridor,Luther,OK,73054.0,Oklahoma,Proposed,,,,Media Monitoring,https://www.datacenterdynamics.com/en/news/data-center-proposal-in-luther-oklahoma-faces-opposition-prior-to-official-filing/,https://okcfox.com/news/local/an-enormous-concern-luther-residents-concerned-over-potential-data-center-in-their-town-ai,https://www.news9.com/oklahoma-city-news/luther-residents-oppose-data-center
Project Spring, 5615 OK-97,Sand Springs,OK,74063.0,Osage,Approved/Permitted/Under construction,,,,Media Monitoring,https://www.datacenterdynamics.com/en/news/sand-springs-oklahoma-to-consider-project-spring-data-center-proposal/,https://protectss.org/home,"https://www.fox23.com/news/sand-springs-city-leaders-postpone-action-on-proposed-data-center-project/article_73ae54df-1dc1-4440-8511-87e2064374a8.html#:~:text=SAND%20SPRINGS%2C%20Okla.,showing%20up%20made%20a%20difference."
Flexential Hillsboro 1,"7273, 3935 NE NW Aloclek Pl",Hillsboro,OR,97124.0,Washington,Operating,,,12,Media Monitoring,https://hillsboroherald.com/flexentials-new-hillsboro-6-data-center-marks-a-shift-from-jobs-to-joules/,,
Flexential Hillsboro 2,5737 NE Huffman St,Hillsboro,OR,97124.0,Washington,Operating,,,12–20,Media Monitoring,https://hillsboroherald.com/flexentials-new-hillsboro-6-data-center-marks-a-shift-from-jobs-to-joules/,,
Flexential Hillsboro 3,5419 NE Starr Blvd,Hillsboro,OR,97124.0,Washington,Operating,,,12–20,Media Monitoring,https://hillsboroherald.com/flexentials-new-hillsboro-6-data-center-marks-a-shift-from-jobs-to-joules/,,
Flexential Hillsboro 4,4915 NE Starr Blvd,Hillsboro,OR,97124.0,Washington,Operating,,,12–20,Media Monitoring,https://hillsboroherald.com/flexentials-new-hillsboro-6-data-center-marks-a-shift-from-jobs-to-joules/,,
Flexential Hillsboro 5,4975 NE Starr Blvd,Hillsboro,OR,97124.0,Washington,Operating,,,36,Media Monitoring,https://hillsboroherald.com/flexentials-new-hillsboro-6-data-center-marks-a-shift-from-jobs-to-joules/,,
Flexential Hillsboro 6,,Hillsboro,OR,97124.0,Washington,Proposed,,,27,Media Monitoring,https://hillsboroherald.com/flexentials-new-hillsboro-6-data-center-marks-a-shift-from-jobs-to-joules/,,
Portland Edge Data Center (EDC) campus ,"6327 NE Evergreen Pkwy, Bldg C, Suite C-300",Hillsboro,OR,97124.0,Washington,Operating,,,9+,Media Monitoring,https://www.edgeconnex.com/locations/americas/portland-or/,,
Project North,South of Gibson St,Archbald,PA,18403.0,Lackawanna,Proposed,,,,Media Monitoring,https://www.spotlightpa.org/news/2026/03/pennsylvania-data-centers-archbald-ai-evictions-environment,https://grist.org/energy/the-ai-boom-has-plunged-a-small-pennsylvania-town-into-chaos/,
Project Scott,Btwn Eynon-Jermyn Rd and Scranton-Carbondale Hwy,Archbald,PA,18403.0,Lackawanna,Proposed,,,,Media Monitoring,,https://www.spotlightpa.org/news/2026/03/pennsylvania-data-centers-archbald-ai-evictions-environment,https://grist.org/energy/the-ai-boom-has-plunged-a-small-pennsylvania-town-into-chaos/
Wildcat Ridge Data Center,Scranton-Carbondale Hwy corridor,Archbald,PA,18403.0,Lackawanna,Suspended,AI,,,Media Monitoring,https://www.datacenterdynamics.com/en/news/plans-filed-for-16-million-sq-ft-data-center-campus-in-northeast-pennsylvania/,https://www.datacenterdynamics.com/en/news/21bn-data-center-campus-proposed-in-archbald-pennsylvania/,https://www.thetimes-tribune.com/2025/05/18/data-centers-could-reshape-landscape-in-nepa/
Switch ,Unknown,Big Beaver Borough,PA,,Beaver,Proposed,,,,Media Monitoring,https://www.datacenterdynamics.com/en/news/switch-announces-plans-for-data-center-campus-outside-pittsburgh-pennsylvania/,,
Blakely Data Center,Terrace Dr corridor,Blakely,PA,18447.0,Lackawanna,Cancelled,AI,,1500,Media Monitoring,https://www.yahoo.com/news/articles/convenience-store-developer-proposes-ai-000500338.html,https://www.thetimes-tribune.com/2025/08/13/blakely-data-center-meeting-draws-large-crowd-opposition/,https://www.wnep.com/article/news/local/lackawanna-county/data-center-developer-withdraws-proposal-for-blakely-construction/523-976b3357-7ae2-4da0-b0f5-55eb44fb7afa
Clarks Summit Data Center,near 980 Newton Rd,Clarks Summit,PA,18411.0,Lackawanna,Proposed,,,,Media Monitoring,https://www.datacenterdynamics.com/en/news/two-building-data-center-campus-proposed-in-northeast-pennsylvania/,https://www.wvia.org/news/local/2026-04-10/proposed-newton-data-center-campus-is-10th-planned-for-lackawanna-county,
Plymouth Township Data Center,900 Conshohocken Rd,Conshohocken (Plymouth Township),PA,19428.0,Montgomery,Cancelled,,,,Media Monitoring,https://www.datacenterdynamics.com/en/news/planning-agency-of-plymouth-township-pennsylvania-votes-not-to-recommend-data-center-proposal/,https://whyy.org/articles/conshohocken-pennsylvania-residents-pushback-data-center-proposal/,https://vista.today/2025/11/fight-against-conshohocken-data-center/
MRP ,"Betw Amity Rd, Susquehanna Trail, and Hwy 322/22",Duncannon,PA,17020.0,Perry,Proposed,,,,Media Monitoring,https://www.datacenterdynamics.com/en/news/developer-may-build-data-center-instead-of-warehouse-in-perry-county-pennsylvania/,,
Catalyst Commercial Development LLC,Sunnyside Rd and Alberigi Dr,Jessup,PA,18435.0,Lackawanna,Proposed,,,,Media Monitoring,https://web.archive.org/web/20250917231914/https://www.thetimes-tribune.com/2025/09/16/developer-shifts-from-warehouse-to-data-center-by-power-plant-in-jessup/,,
Jim Thorpe Data Center,460 Maury Rd,Jim Thorpe,PA,8229.0,Carbon,Proposed,,,,Media Monitoring,https://www.wfmz.com/news/area/poconos-coal/carbon-county/penn-forest-community-discusses-potential-data-center/article_266fe14e-2bc7-474d-88a1-f309707f90af.html,https://www.tnonline.com/20250911/data-center-on-rt-903-discussed/,
Bitfarm Scrubgrass,2151 Lisbon Road,Kennerdell,PA,16374.0,Venango,Operating,,,63,Media Monitoring,https://www.tomshardware.com/tech-industry/cryptomining/major-bitcoin-mining-firm-pivoting-to-ai-plans-to-fully-abandon-crypto-mining-by-2027-bitfarm-to-leverage-341-megawatt-capacity-for-ai-following-usd46-million-q3-loss,https://bitfarms.com/our-portfolio/data-centers/north-america/,
Ascent Data,90 Beta Dr,Pittsburgh,PA,15238.0,Allegheny,Operating,,,,Other,,,
Pottstown Data Center,2345 New Schuylkill Rd and Sanatoga Rds,Pottstown,PA,19465.0,Chester,Proposed,,,,Media Monitoring,https://www.datacenterdynamics.com/en/news/14-million-sq-ft-data-center-campus-planned-outside-philadelphia-pennsylvania/,https://eastcoventry-pa.gov/vertical/sites/%7BA2FA46C5-686F-4B16-8376-0BDF39FCC483%7D/uploads/Constellation_Application_BOS-25-002.pdf,
Ransom Township Data Center,819 Newton Rd,Ransom Twp,PA,18504.0,Lackawanna,Suspended,,,,Media Monitoring,https://www.datacenterdynamics.com/en/news/zoning-amendment-rejected-for-data-center-in-ransom-township-pennsylvania/,,
Champion Data Center Project,Champion Drive,Robinson Township ,PA,15057.0,Allegheny,Proposed,Hyperscale AI/Data Center Campus,,300,Media Monitoring,https://www.linkedin.com/posts/brian-patten-land_datacenter-hyperscaleinfrastructure-aiinfrastructure-activity-7437127674243792896-b8tM,https://www.instagram.com/p/DVs-cYRDQwE/,
Dickson City Development LLC s,Above Business Rte 6,Scranton/ Dickson City,PA,18508.0,Lackawanna,Proposed,,,,Media Monitoring,https://web.archive.org/web/20260122015716/https://www.thetimes-tribune.com/2025/12/12/data-center-developer-tied-to-projects-in-archbald-blakely-moves-to-dickson-city/,https://www.yahoo.com/news/articles/data-center-developer-tied-projects-010500418.html?guccounter=1&guce_referrer=aHR0cHM6Ly93d3cuZ29vZ2xlLmNvbS8&guce_referrer_sig=AQAAAGAfMKpS12TP6ZDloqn1sMuj2eDrOqFfWscZMBNm2rDp5hWip__GoHpNdhSqv5t3ApCn-ybzAaKm1iljvQAp8zHHZuk1aw_ypw6l-33IXEIL6uBs8IThHSEX_54eaWzlhSZ0aMc5p_T9oLqEil8ZpnExPyKQjBeLow6C-3jXK3Vd,https://web.archive.org/web/20260522005447/https://www.thetimes-tribune.com/2026/05/21/dickson-city-denies-data-center-developers-zoning-challenge/
Bitfarm Bitcoin mine,,Sharon,PA,16146.0,Mercer,Operating,Bitcoin transitioning to AI,,30-110,Media Monitoring,https://www.tomshardware.com/tech-industry/cryptomining/major-bitcoin-mining-firm-pivoting-to-ai-plans-to-fully-abandon-crypto-mining-by-2027-bitfarm-to-leverage-341-megawatt-capacity-for-ai-following-usd46-million-q3-loss,https://bitfarms.com/our-portfolio/data-centers/north-america/,
Upper Macungie Data Center,7300 Cetronia Road,Upper Macungie,PA,18106.0,Lehigh,Suspended,,,,Other,https://www.mcall.com/2025/11/12/large-data-center-in-the-works-for-former-air-products-site-in-upper-macungie/,https://www.mcall.com/2025/11/09/talking-business-with-becky-bradley-the-rise-of-data-centers-crypto-mines-and-smart-manufacturing-and-how-the-lehigh-valley-is-planning-for-it/,https://www.wfmz.com/news/area/lehighvalley/lehigh-county/western-lehigh-county/like-spaghetti-on-the-wall-lvpc-finds-air-products-data-center-plans-lacking/article_6ef5e836-0002-445b-9e52-67f272b8c393.html
Wampum Data Center,201 Penndale Road,Wampum,PA,16157.0,Beaver,Proposed,,,,Crowdsourced,https://www.theautopian.com/one-of-the-east-coasts-best-race-tracks-is-reportedly-closing-for-good/,,
Gemini Data Center SD LLC,"south of E Rice St, east of Veteran's Parkway",Sioux Falls,SD,57110.0,Minnehaha,Proposed,,,500,Media Monitoring,https://siouxfalls.business/hyperscale-data-center-seeking-city-approvals-to-build-northeast-of-sioux-falls/,https://www.siouxfallslive.com/news/sioux-falls/planned-hyperscale-data-center-moving-into-sioux-falls,https://www.datacenterdynamics.com/en/news/164-acre-data-center-could-come-to-sioux-falls-south-dakota/
MEM1,3180 Players Lane,Memphis,TN,38125.0,Shelby,Operating,,,1.5,Media Monitoring,https://www.expedient.com/data-centers/memphis/,,
Quantum Leap Data Center/ Fisk University,,Nashville,TN,37208.0,Davidson,Proposed,,,30,Media Monitoring,https://www.datacenterdynamics.com/en/news/fisk-university-looks-to-build-data-center-in-nashville-tennessee/,,
ALLEN DATA CENTER ZX026E,800 GUARDIANS WAY,Allen,TX,75013.0,Collin,Operating,,,,Media Monitoring,https://gis-tceq.opendata.arcgis.com/datasets/daece6e3181140f69093ab69cf9ae0ba/explore?layer=0&showTable=true,,
AUSTIN DATA CENTER AUS-02,4100 SMITH SCHOOL RD,Austin,TX,78744.0,Travis,Operating,,,,Media Monitoring,https://gis-tceq.opendata.arcgis.com/datasets/daece6e3181140f69093ab69cf9ae0ba/explore?layer=0&showTable=true,,
EdgeConneX  AUS02,8001 Wolf Ln,Bastrop,TX,78612.0,Bastrop,Proposed,,,,Media Monitoring,https://www.datacenterdynamics.com/en/news/edgeconnex-acquires-180-acre-parcel-near-its-own-data-center-project-in-bastrop-texas/,,
PowerBridge/LandBridge,Close to Waha Gas Hub,Between Odessa and Pecos,TX,,Reeves,Proposed,,,2000,Media Monitoring,https://www.datacenterdynamics.com/en/news/landbridge-powerbridge-partner-for-2gw-data-center-campus-in-west-texas/,,
"Open AI/ SoftBank ""Freebird""",1899 County Rd 133,Burlington,TX,76519.0,Milam,Proposed,,,1500,Media Monitoring,https://www.bizjournals.com/austin/news/2025/09/25/open-ai-milam-county-data-center-sb-energy-softban.html,https://www.wfmj.com/story/53109325/lordstown-part-of-mammoth-dollar500-billion-artificial-intelligence-data-center-project,https://www.datacenterdynamics.com/en/news/openai-stargates-milam-texas-freebird-data-center-to-span-548950-sq-ft-in-first-phase/
EdgeConnex,Wolf Ln and FM 535,Cedar Creek,TX,78612.0,Bastrop,Proposed,,,,Media Monitoring,https://www.mysanantonio.com/business/article/bastrop-county-edgeconnex-data-center-20770421.php,,
Project Aggie ,,College Station City,TX,,Brazos,Suspended,,,600,Media Monitoring,https://www.datacenterdynamics.com/en/news/600mw-data-center-campus-proposed-in-texas/,https://www.kbtx.com/video/2025/09/12/college-station-city-council-unanimously-rejects-land-sale-ai-data-center/,
Fort Hood data base,Fort Hood,Coryell,TX,76544.0,Coryell,Proposed,AI,,,Media Monitoring,https://www.datacenterdynamics.com/en/news/us-dod-details-military-bases-available-for-ai-data-center-build-out/,,
Dallas Data Center,1515 Round Table Dr,Dallas,TX,75247.0,Dallas,Operating,,,12,Media Monitoring,https://www.datacenterdynamics.com/en/news/prime-and-vantage-buy-land-phoenix-arizona/,,
Denton Data Center ,8171 Jim Christal Rd,Denton,TX,76207.0,Denton,Operating,,,391,Media Monitoring,https://comptroller.texas.gov/taxes/data-centers/data-center-lists.php,https://corescientific.com/high-density-data-centers/denton-texas/,https://www.datacenterdynamics.com/en/news/core-scientific-plans-to-upgrade-denton-texas-data-center-for-up-to-61bn/
Cawley Partners,"near Hwy 45, between Ellis and Dallas Cos.",Ferris,TX,,Ellis,Proposed,,,,Media Monitoring,https://www.datacenterdynamics.com/en/news/cawley-partners-acquires-5200-acres-outside-dallas-plans-data-center-park/,,
Fort Bliss Data Center,Fort Bliss army base,Fort Bliss,TX,79906.0,El Paso,Proposed,AI,,,Media Monitoring,https://www.datacenterdynamics.com/en/news/us-dod-details-military-bases-available-for-ai-data-center-build-out/,,
NTT Global Data Centers Americas - Dallas TX1,2008 Lookout Dr,Garland,TX,75044.0,Dallas,Operating,,,,Media Monitoring,,,
Georgetown Data Center,201 Blue Ridge Dr,Georgetown,TX,78626.0,Williamson,Operating,,,,Media Monitoring,https://gis-tceq.opendata.arcgis.com/datasets/daece6e3181140f69093ab69cf9ae0ba/explore?layer=0&showTable=true,,
Eneus Energy,Near Valley International Airport,Harlingen,TX,78550.0,Cameron,Proposed,,,"2,000",Media Monitoring,https://www.datacenterdynamics.com/en/news/2gw-data-center-could-be-developed-in-cameron-county-texas/,https://myrgv.com/publications/valley-morning-star/2026/04/02/harlingen-calls-for-public-hearings-on-proposed-data-center-moratorium/,https://www.krgv.com/news/harlingen-officials-approve-120-day-moratorium-to-study-impact-of-potential-data-centers/
"Serverfarm Data Center (CTX 1, CTX 2)",15555 Cutten Rd,Houston,TX,77070.0,Harris,Expanding,,,40-100,Media Monitoring,https://comptroller.texas.gov/taxes/data-centers/data-center-lists.php,https://www.datacenterdynamics.com/en/news/serverfarm-tops-out-houston-data-center-in-texas/,
Nexus Data Center: Apex DFW HB1 ,357 HCR 3372,Hubbard,TX,76648.0,Hill,Proposed,,,600,Media Monitoring,https://www.datacenterdynamics.com/en/news/600mw-natural-gas-powered-data-center-campus-proposed-in-hubbard-texas/,https://www.datacenterdynamics.com/en/news/nexus-dc-files-to-develop-data-center-in-dallas-texas/,
Project Hutto,County Road 119 and Limmer Loop,Hutto,TX,78634.0,Williamson,Cancelled,,,70,Media Monitoring,https://www.datacenterdynamics.com/en/news/950000-sq-ft-data-center-proposed-for-hutto-texas/,https://www.datacenterdynamics.com/en/news/developer-withdraws-application-for-70mw-data-center-in-hutto-texas/,https://www.kxan.com/news/local/hutto/hutto-residents-file-formal-protest-against-proposed-data-center/
Edged (DFW01-1),505 N Wildwood Dr,Irving,TX,75061.0,Dallas,Operating,,,24,Media Monitoring,https://www.datacenterdynamics.com/en/news/data-center-developer-edged-eyes-tax-breaks-for-potential-facility-in-fort-worth-texas/,,
PowerCampus Dallas by Lancaster Data Center Campus LP,~1000 Bear Creek Rd,Lancaster,TX,75146.0,,Operating,,,300,Media Monitoring,https://comptroller.texas.gov/taxes/data-centers/data-center-lists.php,https://baxtel.com/data-center/skybox-powercampus-dallas,
Project Labrador (WHL Dallas 45 LLC),1401 Greene Rd,Lancaster,TX,75146.0,Dallas,Proposed,,,,Media Monitoring,https://www.datacenterdynamics.com/en/news/large-data-center-campus-proposed-in-lancaster-area-of-dallas-texas/,,
Project Oranger (WHL Dallas 45 LLC),201 Sunrise Rd,Lancaster,TX,75146.0,Dallas,Proposed,,,252,Media Monitoring,https://www.datacenterdynamics.com/en/news/large-data-center-campus-proposed-in-lancaster-area-of-dallas-texas/,,
Texas Solarworks LLC,E Municipal Dr,Lubbock,TX,79403.0,Lubbock,Proposed,,,,Media Monitoring,,,
Data Center THM1A,Bean Rd,Lueders,TX,79533.0,Haskell,Proposed,,,,Media Monitoring,https://www.datacenterdynamics.com/en/news/data-center-to-be-built-in-lueders-texas/,,
Matagorda County Data Centers,,Matagora County,TX,,Matagorda,Proposed,,,20,Media Monitoring,https://www.datacenterdynamics.com/en/news/barrio-energy-plans-sites-for-two-10mw-data-centers-in-matagorda-county-texas/,https://www.wjbf.com/business/press-releases/cision/20250813DA50630/barrio-energy-announces-two-new-10mw-data-center-developments-in-matagorda-county-tx/,
1547 Data Center: MCTX1,200 S 10th St,McAllen,TX,78501.0,Hidalgo,Operating,,,1.5-5,Media Monitoring,https://www.mysanantonio.com/business/article/1547-mctx1-data-center-mcallen-20802823.php,,
Project Gladys (Soluna),,near Bishop?,TX,,Nueces,Approved/Permitted/Under construction,,,150,Media Monitoring,https://www.datacenterdynamics.com/en/news/soluna-to-develop-two-new-data-centers-in-texas-with-a-combined-capacity-of-350mw/,,
Project Fei (Soluna),,near Childress,TX,79201.0,Childress,Approved/Permitted/Under construction,,,100,Media Monitoring,https://www.datacenterdynamics.com/en/news/soluna-to-develop-two-new-data-centers-in-texas-with-a-combined-capacity-of-350mw/,,
Project Hedy (Soluna),,near Lyford,TX,,Willacy,Approved/Permitted/Under construction,,,120,Media Monitoring,https://www.solunacomputing.com/news/project-hedy-term-sheet/,,
Project Ellen (Soluna),,near Rio Hondo,TX,78583.0,Cameron,Approved/Permitted/Under construction,,,100,Media Monitoring,https://www.datacenterdynamics.com/en/news/soluna-to-develop-two-new-data-centers-in-texas-with-a-combined-capacity-of-350mw/,,
Project Rosa (Soluna),,near Santa Rosa,TX,78593.0,Cameron,Approved/Permitted/Under construction,,,187,Media Monitoring,https://www.datacenterdynamics.com/en/news/soluna-to-develop-two-new-data-centers-in-texas-with-a-combined-capacity-of-350mw/,,
Project Annie (Soluna),near 4210 Old Bonham Rd,Paris,TX,75460.0,Lamar,Approved/Permitted/Under construction,,,75,Media Monitoring,https://www.monarchprivate.com/impact-investing-projects/view/tyson-nick-solar/,https://www.datacenterdynamics.com/en/news/soluna-to-develop-two-new-data-centers-in-texas-with-a-combined-capacity-of-350mw/,
GW Ranch (Pacifico Energy),,Pecos County,TX,,Pecos,Proposed,,,"5,000",Media Monitoring,https://www.datacenterdynamics.com/en/news/pacifico-energy-unveils-5gw-offgrid-natural-gas-project-in-texas-slated-to-serve-a-hyperscale-data-center/,https://www.pacificoenergy.com/gw-ranch,https://finance.yahoo.com/news/pacifico-energy-secures-7-65-120000106.html
Skybox - Austin 2,2515 S Kenney Fort Blvd,Pflugerville,TX,78660.0,Travis,Approved/Permitted/Under construction,,,,Media Monitoring,https://www.tdlr.texas.gov/TABS/Search/Project/TABS2024016342,https://www.mysanantonio.com/business/article/skybox-datacenter-hutto-pflugerville-19411678.php,
Aligned DFW1 and DFW2,2800 Summit Ave,Plano,TX,75074.0,Collin,Proposed,,,36+,Media Monitoring,https://www.datacenterdynamics.com/en/news/aligned-announces-second-data-center-at-plano-campus-in-texas/,,
Evocative DAL6,1221 Coit Rd,Plano,TX,75076.0,Collin,Operating,,,12,Media Monitoring,,,
Skybox Atlantic Station,2300 W Plano Pkwy,Plano,TX,75075.0,Collin,Operating,,,100,Media Monitoring,,,
Pyote Data Center,Near intersection of I-20 and FM 1927,Pyote,TX,79777.0,Ward,Operating,,,300,Media Monitoring,https://genesisdigitalassets.com/our-work-and-impact/,,
Red Oak Data Center Campus,481 Austin Blvd,Red Oak,TX,75154.0,Ellis,Approved/Permitted/Under construction,,,350,Media Monitoring,https://www.datacenterdynamics.com/en/news/compass-buys-land-second-dallas-campus/,https://www.tdlr.texas.gov/TABS/Search/Project/TABS2020019741,
1210 Integrity Drive (DFW18),1210 Integrity Dr,Richardson,TX,75081.0,Dallas,Proposed,,,100,Media Monitoring,,,
1232 Alma Road Data Center,1232 Alma Road,Richardson,TX,75081.0,Dallas,Operating,,,6.7,Media Monitoring,,,
365 Data Centers - Richardson,1001 East Campbell Rd,Richardson,TX,75081.0,Dallas,Operating,,,6.2,Media Monitoring,,,
850 E. Collins Boulevard (DFW28),850 E. Collins Boulevard,Richardson,TX,75081.0,Dallas,Operating,,,6.8,Media Monitoring,,,
Richardson Data Center,1501 E Lookout Dr,Richardson,TX,75082.0,Dallas,Operating,,,24,Media Monitoring,https://www.datacenterdynamics.com/en/news/prime-and-vantage-buy-land-phoenix-arizona/,,
NSA Texas Cryptology Center,Sony Pl,San Antonio,TX,78251.0,Bexar,Approved/Permitted/Under construction,,,,Media Monitoring,,,
Highlander SM One LLC,904 Francis Harris Ln,San Marcos,TX,78666.0,Guadalupe,Suspended,,,,Media Monitoring,https://www.datacenterdynamics.com/en/news/data-center-proposed-for-200-acre-site-in-san-marcos-texas/,https://www.datacenterdynamics.com/en/news/data-center-proposal-rejected-in-san-marcos-texas/,
Project Kati 1 and 2 (Soluna),WC County Line Rd & FM 1420,Santa Monica,TX,78965.0,Willacy,Approved/Permitted/Under construction,,,166,Media Monitoring,https://www.datacenterdynamics.com/en/news/soluna-to-develop-two-new-data-centers-in-texas-with-a-combined-capacity-of-350mw/,https://www.datacenterdynamics.com/en/news/soluna-partners-with-metrobloks-for-texas-campus/,
Project Dorothy 1A and 1B (Soluna),9985 Co Rd F,Silverton,TX,79257.0,Briscoe,Operating,,,50,Media Monitoring,https://www.datacenterdynamics.com/en/news/soluna-to-develop-two-new-data-centers-in-texas-with-a-combined-capacity-of-350mw/,,
Project Dorothy 2 (Soluna),9981 Co Rd F,Silverton,TX,79258.0,Briscoe,Approved/Permitted/Under construction,,,48,Media Monitoring,https://www.datacenterdynamics.com/en/news/soluna-to-develop-two-new-data-centers-in-texas-with-a-combined-capacity-of-350mw/,,
Sugar Land Data Center,8306 Hwy 90 Alt,Sugar Land,TX,77478.0,Fort Bend,Operating,,,,Media Monitoring,https://invest.jll.com/us/en/listings/special-purpose-facility/8-asset-switch-portfolio,,
Texarkana Data center,507 Olive St,Texarkana,TX,75501.0,Bowie,Operating,,,,Media Monitoring,https://invest.jll.com/us/en/listings/special-purpose-facility/8-asset-switch-portfolio,,
Huge Data Center development,,"Texas panhandle, location unknown",TX,,Carson,Proposed,,,,Media Monitoring,https://www.datacenterdynamics.com/en/news/5000-acre-plot-listed-for-sale-for-data-center-development-in-the-texas-panhandle/,,
Venus Data Center,900 E County Rd 109,Venus,TX,76084.0,Ellis,Proposed,,,,Media Monitoring,https://cityofvenus.diligent.community/document/feb4f78c-9858-42f6-b202-88862555f9a3/,,
BluSky AI,near Intermountain Power Plant,Delta,UT,84624.0,Millard,Proposed,,,50,Media Monitoring,https://www.datacenterdynamics.com/en/news/blusky-ai-signs-letter-of-intent-for-25-acre-data-center/,,
Provo Data Center,1507 S 180 E,Provo,UT,84606.0,Utah,Suspended,,,5,Media Monitoring,https://www.datacenterdynamics.com/en/news/warehouse-in-provo-utah-to-be-replaced-with-data-center/,https://www.datacenterdynamics.com/en/news/city-council-of-provo-utah-votes-against-data-center-rezoning-proposal/,
"Stratos Project, eastern parcels",Hansel Valley Rd,Snowville,UT,84336.0,Box Elder,Approved/Permitted/Under construction,,,9000,Media Monitoring,https://www.ksl.com/article/51488565/utah-box-elder-county-officials-mull-plan-to-spur-energy-production-data-center-development,https://utahcleanenergy.org/estimated-emissions-and-water-consumption-from-the-proposed-stratos-data-center/,https://www.sltrib.com/news/2026/04/27/hyperscale-data-center-project/
"Stratos Project, western parcels",Locomotive Springs Rd,Snowville,UT,84336.0,Box Elder,Approved/Permitted/Under construction,,,,Media Monitoring,https://www.ksl.com/article/51488565/utah-box-elder-county-officials-mull-plan-to-spur-energy-production-data-center-development,https://utahcleanenergy.org/estimated-emissions-and-water-consumption-from-the-proposed-stratos-data-center/,https://www.sltrib.com/news/2026/04/27/hyperscale-data-center-project/
"SLC Data Center Campus, SLC-01, 02, 03",3333 9000 S,West Jordan,UT,84088.0,Salt Lake,Expanding,,,200,Media Monitoring,https://www.datacenterdynamics.com/en/news/aligned-announces-plans-for-100mw-data-center-in-salt-lake-city-utah/,https://www.datacenterdynamics.com/en/news/aligned-opens-second-salt-lake-city-data-center/,
Ladysmith Technology Park,"Ladysmith Road, northwest of I-95 & Ladysmith Road Intersection",,VA,22546.0,Caroline,Proposed,,,,PEC,https://co.caroline.va.us/DocumentCenter/View/10114/SP-26-2024--Ladysmith-Tech-Park--Port-Royal,,
Allegro North Campus,41567 BRIARFIELD LN,ALDIE,VA,20105.0,Loudoun,Proposed,,,,PEC,https://loudouncountyvaeg.tylerhost.net/prod/selfservice#/plan/c8b47962-6627-4998-a318-03e49ce25ef7?tab=locations,https://reparcelasmt.loudoun.gov/pt/Datalets/Datalet.aspx?UseSearch=no&mode=profileall&pin=202285740000&jur=107&taxyr=2025,
Plaza 500,6295 Edsall Rd,Alexandria,VA,22312.0,Fairfax,Proposed,,,,PEC,https://www.datacenterdynamics.com/en/news/starwood-re-proposes-data-center-in-alexandria-virginia/,https://www.fairfaxcounty.gov/gisapps/ParcelInfoReportJade/ParcelInfoReport.aspx?ParcelID=0812010007,
ASH1-BRODERICK DC2,22280 RANDOLPH DR,Ashburn,VA,20166.0,Loudoun,Proposed,,,,PEC,https://loudouncountyvaeg.tylerhost.net/prod/selfservice#/plan/4501aa59-679f-4081-89ab-1b1324e19725?tab=attachments,https://reparcelasmt.loudoun.gov/pt/datalets/datalet.aspx?mode=profileall&UseSearch=no&pin=044155625000&jur=107&taxyr=2025&LMparent=20,
Ashburn Data Center,21300 COACH GIBBS DR,Ashburn,VA,20147.0,Loudoun,Proposed,,,,PEC,https://loudouncountyvaeg.tylerhost.net/prod/selfservice#/plan/f2ea6049-532c-4cf9-b48c-f45534a9f87d?tab=attachments,https://reparcelasmt.loudoun.gov/pt/Datalets/Datalet.aspx?UseSearch=no&mode=profileall&pin=042363888000&jur=107&taxyr=2025,
DARAB VENTURES SIX,22235 LOUDOUN COUNTY PKWY,Ashburn,VA,20147.0,Loudoun,Proposed,,,,PEC,https://loudouncountyvaeg.tylerhost.net/prod/selfservice#/plan/CE0FA648-33FE-41A8-AFF4-5DD4C9FAB100,https://reparcelasmt.loudoun.gov/pt/datalets/datalet.aspx?mode=land_summary&UseSearch=no&pin=089496314001&jur=107&taxyr=2025&LMparent=20,
DULLES BERRY LC4,22200 LOUDOUN COUNTY PKWY,Ashburn,VA,20147.0,Loudoun,Operating,,,,PEC,https://reparcelasmt.loudoun.gov/pt/datalets/datalet.aspx?mode=profileall&UseSearch=no&pin=062256361000&jur=107&taxyr=2024&LMparent=20,,
Regency HOA area ,Asburn Village Blvd and Waxpool Rd,Ashburn,VA,,Loudon,Proposed,,,432,Media Monitoring,https://www.datacenterdynamics.com/en/news/432mw-data-center-campus-eyed-in-virginias-data-center-alley/,,
 LS Power ,10165 Old Ridge Rd,Ashland,VA,23005.0,Hanover,Proposed,,,,Media Monitoring,https://www.datacenterdynamics.com/en/news/behind-the-meter-data-center-proposed-outside-richmond-virginia/,,
Bristow Campus,11480 NOKESVILLE RD,Bristow,VA,20137.0,Prince William,Proposed,,,,PEC,https://egcss.pwcgov.org/SelfService#/plan/1f301435-5cb5-4515-95c7-0dc1844362ea?tab=moreinfo,https://pwc.publicaccessnow.com/PropertyDetail.aspx?mpropertynumber=001441&mtab=property&p=001441,
PROJECT INDUSTRY,8001 INDUSTRIAL PARK CT,Bristow,VA,20136.0,Prince William,Proposed,,,,PEC,https://egcss.pwcgov.org/SelfService#/plan/71a5c10e-0a22-4286-a5c9-b05bff0d3e5f?tab=attachments,https://pwc.publicaccessnow.com/PropertyDetail.aspx?mtab=property&mpropertynumber=255992,
Headwaters Site Development LLC,Catlett Rd & Gaskins Ln,Catlett,VA,20119.0,Fauquier,Suspended,,,,Media Monitoring,https://www.fauquiernow.com/news/developer-withdraws-plans-for-catlett-station-data-center-project/article_29d5165e-4385-11ef-ad9e-db32dab80435.html,,
Project Peanut,2700 Bermuda Hundred Road,Chester,VA,23836.0,Chesterfield,Proposed,,,,PEC,https://www.datacenterdynamics.com/en/news/google-to-invest-9bn-in-virginia-data-centers-plans-new-campus-in-chesterfield-county/,https://www.chesterfield.gov/828/Real-Estate-Assessment-Data#/Details/830651308400000,
Copper Ridge,Corner of E. Chandler and McDevitt Drive,Culpeper,VA,22701.0,Culpeper,Proposed,,,,PEC,https://datacenterdynamics.com/en/news/amazon-granted-rezoning-approval-for-data-centers-in-culpeper-county-virginia/,https://gis.vgsi.com/culpeperva/Parcel.aspx?pid=10698,
Culpeper Data Center ,Nalles Mill Rd,Culpeper,VA,22701.0,Culpeper,Proposed,,,215-432,Media Monitoring,https://cieloinfra.com/insight/edgecore-acquires-cielo-data-center-project-in-culpeper-for-undisclosed-amount/,,
Culpeper Technology Campus,Corner of Germanna HWY and McDevitt Drive,Culpeper,VA,22701.0,Culpeper,Proposed,,,,PEC,https://www.bisnow.com/national/news/data-center/peterson-companies-developing-2m-sf-data-center-campus-in-northern-virginia-119735,https://gis.vgsi.com/culpeperva/Parcel.aspx?pid=19739,
Keyser Farm,15140 KEYSER RD,Culpeper,VA,22701.0,Culpeper,Proposed,,,,PEC,https://gis.vgsi.com/culpeperva/Parcel.aspx?pid=6279,,
SWIFT,Corner of McDevitt Dr and Technology Drive,Culpeper,VA,22701.0,Culpeper,Operating,,,,PEC,https://gis.vgsi.com/culpeperva/Parcel.aspx?pid=9903,,
XX Tech Park,15170 HOFFMAN LN,Culpeper,VA,22701.0,Culpeper,Proposed,,,,PEC,https://gis.vgsi.com/culpeperva/Parcel.aspx?pid=7077,,
Greenfield,INTERNATIONAL PKWY,DALEVILLE,VA,24083.0,Botetourt,Proposed,,,,PEC,https://www.datacenterdynamics.com/en/news/google-buys-land-for-data-center-in-botetourt-county-west-virginia/,https://www.webgis.net/va/botetourtco/?id=Parcels|LINK|88(26)3,
Enon Road Technologies,south of Enon Road near the intersection with Wyatt Lane,Fredericksburg,VA,22406.0,Spotsylvania,Proposed,,,,PEC,https://www.fredericksburgfreepress.com/2025/01/22/biz-beat-roundup-more-data-centers-proposed-in-stafford/,https://va-stafford-assessor.publicaccessnow.com/PropertySearch/PropertyDetails.aspx?p=45%20%20%20%20%20%20%20227&a=27932,
Forest Lane Data Center,Between Caisson Rd and Kings Hwy,Fredericksburg,VA,22405.0,Spotsylvania,Proposed,,,,Media Monitoring,https://www.datacenterdynamics.com/en/news/data-center-proposed-for-850-acres-of-land-in-stafford-county-virginia/,https://app.sharebase.com/#/folder/45768/share/528-njPyo32MePFy87Z5AbBoo0pC540,https://va-stafford-assessor.publicaccessnow.com/PropertySearch/PropertyDetails.aspx?p=59%20%20%20%20%20%20%20%2070&a=39515
Hunters Ridge LLC Data Center,4110 Overview Dr,Fredericksburg,VA,22408.0,Spotsylvania,Proposed,,,,Media Monitoring,https://www.datacenterdynamics.com/en/news/10m-sq-ft-amazon-files-for-four-data-center-campuses-in-virginias-spotsylvania-and-caroline-counties/,,
PowerHouse95,0 Overview DR,Fredericksburg,VA,22408.0,Spotsylvania,Expanding,,,150,PEC,https://www.datacenterdynamics.com/en/news/powerhouse-plans-800mw-campus-in-virginias-spotsylvania-county/,https://gis.spotsylvania.va.us/spotsylvania/#/mwl?zoom=15&location=-77.473518_38.223581,https://www.datacenterdynamics.com/en/news/powerhouse-files-to-develop-second-phase-of-spotsylvania-data-center-campus-in-virginia/
Sisson North,1301 KINGS HWY,Fredericksburg,VA,22405.0,Spotsylvania,Proposed,,,,PEC,https://app.sharebase.com/#/folder/25961/share/528-yQozqmn5XpbUDzV-NPVaxs9--JIo,https://va-stafford-assessor.publicaccessnow.com/PropertySearch/PropertyDetails.aspx?p=59%20%20%20%20%20%20%20%2075D&a=58576,
Summit Crossing Tech Campus,Summit Crossing Road,Fredericksburg,VA,22408.0,Spotsylvania,Proposed,,,,PEC,https://www.datacenterdynamics.com/en/news/10m-sq-ft-amazon-files-for-four-data-center-campuses-in-virginias-spotsylvania-and-caroline-counties/,https://gis.spotsylvania.va.us/spotsylvania/#/mwl?zoom=15&location=-77.432007_38.188576,
Summit Technology Park,2901 Summit Crossing RD,Fredericksburg,VA,22408.0,Spotsylvania,Proposed,,,,PEC,https://www.spotsylvania.va.us/DocumentCenter/View/33280/1st-Submission-Narrative-22125,https://gis.spotsylvania.va.us/spotsylvania/#/mwl?zoom=16&location=-77.428204_38.194825,
Gardner Property,14414 MCGRAWS CORNER,Gainesville,VA,20155.0,Prince William,Proposed,,,,PEC,://egcss.pwcgov.org/SelfSerhttpsvice#/plan/54197449-7161-4168-861a-d85676a180a3,https://pwc.publicaccessnow.com/PropertyDetail.aspx?mpropertynumber=252670&mtab=property&p=252670,
Dahlgren West,"west of the intersection of Route 301 and Route 616, just up the road from the Chestnut Hill Loop",King George,VA,22485.0,King George,Proposed,,,,PEC,https://www.datacenterdynamics.com/en/news/9-million-sq-ft-data-center-campus-proposed-in-virginias-king-george-county/,,
Cochran Mill Road,42277 COCHRAN MILL RD,Leesburg,VA,20175.0,Loudoun,Proposed,,,,PEC,https://loudouncountyvaeg.tylerhost.net/prod/selfservice#/plan/308CC962-0022-4914-AE51-DC263552E62C?tab=attachments,,
Leesburg Gateway ,Betw East Market St and Potomac Station Dr,Leesburg,VA,20176.0,Loudoun,Proposed,,,,Media Monitoring,https://www.datacenterdynamics.com/en/news/peterson-co-plots-three-building-data-center-campus-in-leesburg-virginia/,,
Oaklawn,101 OAKLAWN DR,Leesburg,VA,20175.0,Loudoun,Proposed,,,,PEC,https://www.loudountimes.com/0local-or-not/1local/oaklawn-data-center-affordable-housing-proposal-faces-public-pushback/article_d731930a-5a9a-11ef-bb44-0f2c1a71197b.html,https://reparcelasmt.loudoun.gov/pt/Datalets/Datalet.aspx?sIndex=3&idx=1,
Spring Valley Technology Park,22532 EVERGREEN MILLS RD,LEESBURG,VA,20175.0,Loudoun,Proposed,,,,PEC,https://loudouncountyvaeg.tylerhost.net/prod/selfservice#/plan/0167b7d9-e074-4e2e-bf05-e0599cdea1f5?tab=attachments,https://reparcelasmt.loudoun.gov/pt/Datalets/Datalet.aspx?UseSearch=no&mode=profileall&pin=241270467000&jur=107&taxyr=2025,
Data center,Cabin Field Rd and Richmond Hwy,Lynchburg,VA,24504.0,Campbell County,Cancelled,,,,Media Monitoring,https://wset.com/news/local/campbell-county-supervisors-urged-to-reject-data-center-proposal-amid-concerns-september-2025-cabin-field-road-concord-route-460,https://www.datacenterdynamics.com/en/news/data-center-plan-for-campbell-county-virginia-rejected/,https://wset.com/news/local/campbell-county-faces-data-center-proposals-as-residents-call-for-stricter-regulations-route-460-concord-cabin-field-road-mesh-capital-llc-supervisor-matthew-kline-november-2025
9001 Hornbaker Rd,9001 HORNBAKER RD,Manassas,VA,20109.0,Prince William,Proposed,,,,PEC,https://egcss.pwcgov.org/SelfService#/plan/a0b0e2d0-2ccb-47b1-ab3f-3275db071d01?tab=attachments,https://pwc.publicaccessnow.com/PropertyDetail.aspx?mtab=property&mpropertynumber=114479,
Ashwood Addition,10400 HARRY J PARRISH BLVD,Manassas,VA,20110.0,Prince William,Proposed,,,,PEC,https://datacenterhawk.com/marketplace/providers/cloudhq/10400-harry-j-parrish-blvd/mdc,https://pwc.publicaccessnow.com/PropertyDetail.aspx?mtab=property&mpropertynumber=251263,
Manassas Data Center,11101 University Blvd,Manassas,VA,20110.0,Prince William,Proposed,,,,Media Monitoring,https://wtop.com/prince-william-county/2025/07/prince-william-county-residents-push-back-against-recommendation-of-another-data-center/,https://eservice.pwcgov.org/planning/documents/REZ2023-00001.pdf,https://egcss.pwcgov.org/SelfService#/plan/005eaa9c-a822-4dad-b14e-35d804a4f532
Manassas Point,7816 BETHLEHEM RD,Manassas,VA,20109.0,Prince William,Proposed,,,,PEC,https://egcss.pwcgov.org/SelfService#/plan/112446d3-3458-4c10-9081-42d87805d421?tab=attachments,https://pwc.publicaccessnow.com/PropertyDetail.aspx?mtab=property&mpropertynumber=022171,
Mid-County Industrial Park,14901 DUMFRIES RD,Manassas,VA,20112.0,Prince William,Proposed,,,,PEC,https://egcss.pwcgov.org/SelfService#/plan/3dd0c08d-d7fa-483c-8e0f-1913eb303cd0,https://pwc.publicaccessnow.com/PropertyDetail.aspx?mpropertynumber=155883&mtab=property&p=155883,
NVA05A & NVA05B Proffer Amendment and Rezoning,9101 FREEDOM CENTER BLVD,Manassas,VA,20109.0,Prince William,Proposed,,,,PEC,https://egcss.pwcgov.org/SelfService#/plan/19004ff1-7e88-4661-9d3f-ad33ecaa1da2,https://pwc.publicaccessnow.com/PropertyDetail.aspx?mtab=property&mpropertynumber=023467,
PARSONS BUSINESS PARK LLC,14237 DUMFRIES RD,Manassas,VA,20112.0,Prince William,Proposed,,,,PEC,https://egcss.pwcgov.org/SelfService#/plan/f202a52f-d21d-48eb-ab3e-8577eaaaff93?tab=attachments,https://pwc.publicaccessnow.com/PropertyDetail.aspx?mtab=property&mpropertynumber=099464,
Project Well,6894 WELLINGTON RD,Manassas,VA,20109.0,Prince William,Proposed,,,,PEC,https://egcss.pwcgov.org/SelfService#/plan/f91d05d2-9f16-4321-8d9d-8c28831b0c2d?tab=attachments,https://pwc.publicaccessnow.com/PropertyDetail.aspx?mtab=property&mpropertynumber=094151,
Stoneview,8625 Wellington Rd,Manassas,VA,20109.0,Prince William,Proposed,,,,PEC,https://egcss.pwcgov.org/SelfService#/plan/3f012be5-4a81-4341-8710-e239efdb3b1e,https://pwc.publicaccessnow.com/PropertyDetail.aspx?mtab=property&mpropertynumber=023779,
WELLINGTON GLEN TECHNOLOGY PARK,11901 SUDLEY MANOR DR,Manassas,VA,20109.0,Prince William,Proposed,,,,PEC,https://egcss.pwcgov.org/SelfService#/plan/c31952ca-2934-4acc-ab29-9db4ec01e339?tab=attachments,,
Wellington Road PRA,8819 Wellington Rd,Manassas,VA,20109.0,Prince William,Proposed,,,,PEC,https://egcss.pwcgov.org/SelfService#/plan/55087cda-4790-4f98-be5d-2a054fe2c464?tab=attachments,,
NVA05C,8860 WELLINGTON RD,MANASSAS,VA,20109.0,Prince William,Proposed,,,,PEC,https://egcss.pwcgov.org/SelfService#/plan/ec71ba9b-8783-4bd2-ab90-57a68d5f7d0c?tab=locations,,
Project Loch,751 WATKINS CENTRE PKWY,Midlothian,VA,23114.0,Chesterfield,Proposed,,,,PEC,https://chesterfieldfits.com/site/wp-content/uploads/2025/05/25SN1040-Watkins.-Proffers.-Executed.-5.9.25-01718951xBE3E4.pdf,https://www.chesterfield.gov/828/Real-Estate-Assessment-Data#/Details/716706972000002,
Upper Magnolia Green East,18100 DUVAL RD,Moseley,VA,23120.0,Chesterfield,Proposed,,,,PEC,https://chesterfieldfits.com/site/wp-content/uploads/2025/05/East.Proffers.Executed.04-09-25-01709493xBE3E4.pdf,https://www.chesterfield.gov/828/Real-Estate-Assessment-Data#/Details/698680060200000,
Upper Magnolia Green West Tract A and Tract B,4401 MOSELEY RD,Moseley,VA,23120.0,Chesterfield,Proposed,,,,PEC,https://chesterfieldfits.com/site/wp-content/uploads/2025/05/25SN1038.West-Tract-A.-Proffers.-Executed.-5.9.25-01718952xBE3E4.pdf,https://www.chesterfield.gov/828/Real-Estate-Assessment-Data#/Details/693685201900000,
Remington Innovation Campus,11462 REMINGTON RD,REMINGTON,VA,22734.0,Fauquier,Proposed,,,,PEC,https://commdevpay.fauquiercounty.gov/Energov_Prod/SelfService#/plan/e900e88c-2070-4bb5-81ff-23e7be27ca04?tab=locations,https://www.actdatascout.com/RealProperty/ParcelView,
Richmond Data Center,5209 Wilkinson Rd,Richmond,VA,23227.0,Henrico,Operating,,,,Media Monitoring,https://www.vpm.org/listen/2025-02-21/bizsense-beat-magnolia-green-azalea-flea-market,,
ADP Ladysmith Data Hub,18577 GREEN RD,Ruther Glen,VA,22546.0,Caroline,Proposed,,,,PEC,https://co.caroline.va.us/DocumentCenter/View/10347/RZ-02-2025-SPEX-06-2025-Ladysmith-Data-Hub?bidId=,,
Airlee Industrial and Data Center Site,Intersection of Rt. 1 and CCC Road,Ruther Glen,VA,22546.0,Caroline,Proposed,,,,PEC,https://sites.vedp.org/virginia/propertyid/286091,,
Carmel Technology & Enterprise Center,"Jericho Road, west of the intersection
 of Jericho Road, Rogers Clark Blvd. & U.S. Route 1",Ruther Glen,VA,22546.0,Caroline,Proposed,,,,PEC,https://co.caroline.va.us/DocumentCenter/View/9994/RZ-06-2024-Luck-Stone-CTEC,,
Caroline Center for Innovation,23286 CARNEAL LN,Ruther Glen,VA,22546.0,Caroline,Proposed,,,,PEC,https://co.caroline.va.us/DocumentCenter/View/10157/RZ-01-2025-Caroline-Ctr-for-Innovation,,
Caroline Center for Innovation - North,13039 Mickey's Wy,Ruther Glen,VA,22546.0,Caroline,Proposed,,,,PEC,https://co.caroline.va.us/DocumentCenter/View/10428/SPEX-08-2025-Caroline-Ctr-for-Innov-North---Reedy-Church,,
Thornberry Data Center Campus,23202 Carneal Lane,Ruther Glen,VA,22546.0,Caroline,Proposed,,,,PEC,https://co.caroline.va.us/DocumentCenter/View/10426/RZ-03-2025-Thornberry-LLC-Reedy-Church,,
Sandston Data Center Campus,5900 Technology Blvd,Sandston,VA,23150.0,Henrico,Operating,,,200,Media Monitoring,https://www.datacenterdynamics.com/en/news/iron-mountain-starts-work-on-data-center-campus-near-richmond-virginia/,https://www.datacenterdynamics.com/en/news/qts-files-to-expand-richmond-data-center-campus-in-virginia/,
Gateway Commerce Center,5654 Hickory Ridge RD,Spotsylvania,VA,22551.0,Spotsylvania,Proposed,,,,PEC,https://www.spotsylvania.va.us/DocumentCenter/View/24117/Executed-Proffer-Statement-,https://gis.spotsylvania.va.us/spotsylvania/#/mwl?zoom=16&location=-77.529108_38.165611,
SpotsyTech Campus,"West of I-95, east of N Roxbury Mill Rd",Spotsylvania Courthouse,VA,22551.0,Spotsylvania,Proposed,,,800,Media Monitoring,https://www.datacenterdynamics.com/en/news/new-29-million-sq-ft-technology-park-proposed-in-spotsylvania-county-virginia/,https://www.datacenterdynamics.com/en/news/powerhouse-plans-800mw-campus-in-virginias-spotsylvania-county/,
Accokeek Center,RT 1/Interstate 95 South of Rappahannock Regional Jail,Stafford,VA,22554.0,Stafford,Proposed,,,,PEC,https://cdn.staffordcountyva.gov/Planning%20and%20Zoning/Development%20Review%20Meetings-Applications/December%202024/Accokeek%20Reclass/4-%20%20Generalized%20Development%20Plan%20(GDP)%20-%20Accokeek%20Center.pdf,https://va-stafford-assessor.publicaccessnow.com/PropertySearch/PropertyDetails.aspx?p=38%20%20%20%20%20%20%20%2096&a=23952,
Austin Ridge Logisitics Center,"End of Cedar Lane, Hartwood",Stafford,VA,22554.0,Stafford,Proposed,,,,PEC,https://www.fredericksburgfreepress.com/2025/01/22/biz-beat-roundup-more-data-centers-proposed-in-stafford/,https://va-stafford-assessor.publicaccessnow.com/PropertySearch/PropertyDetails.aspx?p=38%20%20%20%20%20%20%20%2068&a=23899,
GWV,"Ramoth Church Rd, Courthouse Road, and 95",Stafford,VA,22554.0,Stafford,Proposed,,,,PEC,https://www.fxbgadvance.com/p/developer-seeks-rezoning-for-79-million,https://va-stafford-assessor.publicaccessnow.com/PropertySearch/PropertyDetails.aspx?p=29%20%20%20%20%20%20%20%2082&a=18107,
Stafford Technology Campus,"east side of Richmond Highway, across from Sage Lane",Stafford,VA,22554.0,Stafford,Proposed,,,"1,000",PEC,"https://staffordcountyva.gov/government/departments_p-z/planning_and_zoning/long_range/rezonings,_cups,_comp_plan_amendments/development_review_meetings_new_applications.php",,
CORSCALE VA2 BLDG 1,45695 RUSSELL BRANCH PKWY,Sterling,VA,20166.0,Loudoun,Proposed,,,,PEC,https://loudouncountyvaeg.tylerhost.net/prod/selfservice#/plan/F79A57A3-38E2-4887-BD02-B5B691CD8ABF?tab=attachments,https://reparcelasmt.loudoun.gov/pt/datalets/datalet.aspx?mode=land_summary&UseSearch=no&pin=041398662000&jur=107&taxyr=2025&LMparent=20,
HORSESHOE DRIVE,45925 HORSESHOE DR,Sterling,VA,20166.0,Loudoun,Proposed,,,,PEC,https://loudouncountyvaeg.tylerhost.net/prod/selfservice#/plan/8628ddc2-6e18-48aa-af54-fec33b62c2c2?tab=attachments,https://reparcelasmt.loudoun.gov/pt/Datalets/Datalet.aspx?UseSearch=no&mode=profileall&pin=030300991000&jur=107&taxyr=2025,
IAD214,22760 PACIFIC BLV,Sterling,VA,20166.0,Loudoun,Operating,,,,PEC,https://reparcelasmt.loudoun.gov/pt/datalets/datalet.aspx?mode=commercial&UseSearch=no&pin=045195615000&jur=107&taxyr=2025&LMparent=20,,
JK TECHNOLOGY PARK #3,24393 STONE SPRINGS BLVD,Sterling,VA,20166.0,Loudoun,Proposed,,,,PEC,https://loudouncountyvaeg.tylerhost.net/prod/selfservice#/plan/c87c4b0c-a3aa-4261-9954-8cc95f06f912?tab=locations,https://reparcelasmt.loudoun.gov/pt/datalets/datalet.aspx?mode=profileall&UseSearch=no&pin=203295737000&jur=107&taxyr=2025&LMparent=20,
MECP1 ASHBURN 1 LLC,21215 ATLANTIC BLVD,Sterling,VA,20166.0,Loudoun,Operating,,,,PEC,https://reparcelasmt.loudoun.gov/pt/datalets/datalet.aspx?mode=commercial&UseSearch=no&pin=030455548000&jur=107&taxyr=2024&LMparent=20,https://reparcelasmt.loudoun.gov/pt/datalets/datalet.aspx?mode=commercial&UseSearch=no&pin=030455548000&jur=107&taxyr=2024&LMparent=20,
MECP2 ASHBURN 2 LLC,21205 ATLANTIC BLVD,Sterling,VA,20166.0,Loudoun,Operating,,,,PEC,https://reparcelasmt.loudoun.gov/pt/datalets/datalet.aspx?mode=land_summary&UseSearch=no&pin=029151508000&jur=107&taxyr=2024&LMparent=20,https://reparcelasmt.loudoun.gov/pt/datalets/datalet.aspx?mode=land_summary&UseSearch=no&pin=029151508000&jur=107&taxyr=2024&LMparent=20,
MECP3 ASHBURN 3 LLC,21195 ATLANTIC BLVD,Sterling,VA,20166.0,Loudoun,Operating,,,,PEC,https://reparcelasmt.loudoun.gov/pt/datalets/datalet.aspx?mode=commercial&UseSearch=no&pin=041108666000&jur=107&taxyr=2024&LMparent=20,https://reparcelasmt.loudoun.gov/pt/datalets/datalet.aspx?mode=commercial&UseSearch=no&pin=041108666000&jur=107&taxyr=2024&LMparent=20,
ME-DC Pacific,22255 PACIFIC BLVD,Sterling,VA,20166.0,Loudoun,Proposed,,,,PEC,https://loudouncountyvaeg.tylerhost.net/prod/selfservice#/plan/ec1e84d1-de53-45a8-917e-34be6c131039?tab=attachments,https://reparcelasmt.loudoun.gov/pt/Datalets/Datalet.aspx?UseSearch=no&mode=profileall&pin=044267923000&jur=107&taxyr=2025,
RIDGETOP CENTER,21670 RIDGETOP CIR,Sterling,VA,20166.0,Loudoun,Proposed,,,,PEC,https://loudouncountyvaeg.tylerhost.net/prod/selfservice#/plan/4A8DECD0-B1EF-4677-B44F-A8C04C863B62?tab=locations,https://reparcelasmt.loudoun.gov/pt/datalets/datalet.aspx?mode=land_summary&UseSearch=no&pin=030306633000&jur=107&taxyr=2025&LMparent=20,
SHAW ROAD BUSINESS PARK,22930 SHAW RD,Sterling,VA,20166.0,Loudoun,Proposed,,,,PEC,https://loudouncountyvaeg.tylerhost.net/prod/selfservice#/plan/61643009-52F9-4C98-9F52-3FB4D2263170?tab=attachments,https://reparcelasmt.loudoun.gov/pt/Datalets/Datalet.aspx?UseSearch=no&mode=profileall&pin=034372453000&jur=107&taxyr=2025,
"STERLING VI, V",21340 PACIFIC BLVD,Sterling,VA,20166.0,Loudoun,Operating,,,,PEC,https://reparcelasmt.loudoun.gov/pt/datalets/datalet.aspx?mode=commercial&UseSearch=no&pin=042394385003&jur=107&taxyr=2025&LMparent=20,,
Thayer Road,45564 THAYER RD,Sterling,VA,20166.0,Loudoun,Proposed,,,,PEC,https://loudouncountyvaeg.tylerhost.net/prod/selfservice#/plan/93bd1580-f8d3-4bb1-845e-4b6d0c970645?tab=locations,https://reparcelasmt.loudoun.gov/pt/datalets/datalet.aspx?mode=land_summary&UseSearch=no&pin=030465708000&jur=107&taxyr=2025&LMparent=20,
108 CARPENTER DRIVE,108 CARPENTER DR,STERLING,VA,20164.0,Loudoun,Proposed,,,,PEC,https://loudouncountyvaeg.tylerhost.net/prod/selfservice#/plan/c649938c-a42c-43c1-af23-ac3e7ece8a37?tab=locations,https://reparcelasmt.loudoun.gov/pt/Datalets/Datalet.aspx?UseSearch=no&mode=profileall&pin=033385671000&jur=107&taxyr=2025,
DULLES DISTRIBUTION Landbay A,45055 UNDERWOOD LN,STERLING,VA,20166.0,Loudoun,Proposed,,,,PEC,https://loudouncountyvaeg.tylerhost.net/prod/selfservice#/plan/5a05cbbe-77b4-40ec-a02a-df67cd82d9dc?tab=locations,https://reparcelasmt.loudoun.gov/pt/Datalets/Datalet.aspx?UseSearch=no&mode=profileall&pin=046278993000&jur=107&taxyr=2025,
DULLES DISTRIBUTION Landbay B,45085 OLD OX RD,STERLING,VA,20166.0,Loudoun,Proposed,,,,PEC,https://loudouncountyvaeg.tylerhost.net/prod/selfservice#/plan/5a05cbbe-77b4-40ec-a02a-df67cd82d9dc?tab=locations,https://reparcelasmt.loudoun.gov/pt/datalets/datalet.aspx?mode=commercial&UseSearch=no&pin=046275921000&jur=107&taxyr=2025&LMparent=20,
GLENN DRIVE NORTH & SOUTH,22815 GLENN DR 101,STERLING,VA,20164.0,Loudoun,Proposed,,,,PEC,https://loudouncountyvaeg.tylerhost.net/prod/selfservice#/plan/0c62c1ce-2e62-4e22-9dd0-a540956ff321?tab=locations,https://reparcelasmt.loudoun.gov/pt/Datalets/Datalet.aspx?UseSearch=no&mode=profileall&pin=033292608000&jur=107&taxyr=2025,
MERCURE BUSINESS PARK LOT 22,44211 MERCURE CIR,STERLING,VA,20166.0,Loudoun,Proposed,,,,PEC,https://loudouncountyvaeg.tylerhost.net/prod/selfservice#/plan/a037a799-691c-42c4-a3fa-dd41c9dfa911?tab=attachments,https://reparcelasmt.loudoun.gov/pt/Datalets/Datalet.aspx?UseSearch=no&mode=profileall&pin=091493983000&jur=107&taxyr=2025,
MERCURE BUSINESS PARK LOT 4A1B,44122 MERCURE CIR,STERLING,VA,20166.0,Loudoun,Proposed,,,,PEC,https://loudouncountyvaeg.tylerhost.net/prod/selfservice#/plan/78825fb5-186a-4f08-ad04-930ece5b609e?tab=attachments,https://reparcelasmt.loudoun.gov/pt/Datalets/Datalet.aspx?UseSearch=no&mode=profileall&pin=091482155000&jur=107&taxyr=2025,
MERCURE BUSINESS PARK LOTS 19 AND 20,44083 MERCURE CIR,STERLING,VA,20166.0,Loudoun,Proposed,,,,PEC,https://loudouncountyvaeg.tylerhost.net/prod/selfservice#/plan/306dbd90-969b-4e70-ac97-be032ae24344?tab=attachments,https://reparcelasmt.loudoun.gov/pt/Datalets/Datalet.aspx?UseSearch=no&mode=profileall&pin=091490220000&jur=107&taxyr=2025,
VA 16,22321 PACIFIC BLVD,STERLING,VA,20166.0,Loudoun,Operating,,,,PEC,https://loudouncountyvaeg.tylerhost.net/prod/selfservice#/plan/16f9b8bf-7683-4adb-8ad2-f46dda6fda9f?tab=locations,https://reparcelasmt.loudoun.gov/pt/datalets/datalet.aspx?mode=profileall&UseSearch=no&pin=044175589000&jur=107&taxyr=2025&LMparent=20,
Quail Ridge C - D,24214 QUAIL RIDGE LN,Stone Ridge,VA,20105.0,Loudoun,Operating,,,,PEC,https://www.datacenterdynamics.com/en/news/aws-sells-land-in-manassas-to-stack-buys-land-data-centers-in-loudoun-county-from-stack-owner-ipi/,https://reparcelasmt.loudoun.gov/pt/Datalets/Datalet.aspx?mode=commercial&UseSearch=no&pin=246203645000&jur=107&taxyr=2024&card=1&item=0&State=2|1|1|1|1|&items=4,
Maple Tree Farm,8275 MAPLE TREE LN,Warrenton,VA,20187.0,Fauquier,Proposed,,,,PEC,https://www.fauquier.com/news/article_55011450-b2d5-11ed-bd87-df7e49eb5e4a.html,,
Sabey Data Centers - Columbia,4405 Grant Rd,East Wenatchee,WA,98802.0,Douglas,Operating,,,,Media Monitoring,,,
TierPoint - Spokane Data Center (SPO03),23017 E Mission Ave,Liberty Lake,WA,99019.0,Spokane,Operating,,,,Media Monitoring,,,
Centersquare Seattle Data Center (Lynnwood),17300 Hwy 99,Lynnwood,WA,98037.0,Snohomish,Operating,,,,Media Monitoring,,,
Bitfarm Bitcoin Washington,7906 Randolph Rd NE,Moses Lake,WA,98837.0,Grant,Operating,,,18,Media Monitoring,https://www.tomshardware.com/tech-industry/cryptomining/major-bitcoin-mining-firm-pivoting-to-ai-plans-to-fully-abandon-crypto-mining-by-2027-bitfarm-to-leverage-341-megawatt-capacity-for-ai-following-usd46-million-q3-loss,https://bitfarms.com/our-portfolio/data-centers/north-america/,https://www.datacenterdynamics.com/en/news/bitfarms-to-convert-washington-cryptomine-to-hpcai-hosting/
CyrusOne Quincy,1025 D St NW,Quincy,WA,98848.0,Grant,Operating,,,,Media Monitoring,,,
Atlas Agro,2100 Horn Rapids Rd,Richland,WA,99354.0,Benton,Proposed,,,,Media Monitoring,https://www.datacenterdynamics.com/en/news/six-building-data-center-campus-proposed-in-washington-by-fertilizer-company/,,
Seattle EdgeConneX Edge Data Center® (EDC),"3425 S 116th Street, Building 6, Suite 133",Seattle,WA,98168.0,King,Operating,,,4.5,Media Monitoring,https://www.edgeconnex.com/locations/americas/seattle-wa/,,
Centersquare Seattle Data Center (Tukwila 2),6101 S 180th St,Tukwila,WA,98188.0,King,Operating,,,,Media Monitoring,,,
MKE1,4777 W Ironwood,Franklin,WI,53132.0,Milwaukee,Operating,,,1.6,Media Monitoring,https://www.expedient.com/data-centers/milwaukee/,,
Fredonia Data Center,"near 117 Meadowlark Rd, Fredonia, WI 53021",Fredonia,WI,53074.0,Ozaukee,Proposed,,,,Media Monitoring,https://www.jsonline.com/story/communities/north/2025/04/08/port-washington-takes-up-zoning-standards-for-proposed-data-center/82774695007/,https://www.gannett-cdn.com/authoring/authoring-images/2025/04/29/PMJS/83351569007-mjs-250422-data-center-p-15.jpg,
Janesville Data Center,1000 General Motors Dr,Janesville,WI,53546.0,Rock,Proposed,,,25-200,Media Monitoring,https://www.datacenterdynamics.com/en/news/officials-in-janesville-wisconsin-seek-data-center-partner-for-former-gm-auto-assembly-plant/,https://www.widatacenterfacts.org/communities/janesville-fact-checking-the-citys-fact-checking,
Data center,5825 W. Hope Ave,Milwaukee,WI,53216.0,Milwaukee,Proposed,,,,Media Monitoring,https://www.datacenterdynamics.com/en/news/former-walmart-in-milwaukee-wisconsin-could-become-data-center/,,
Digital Power Optimization,west of Hwy 34 near water quality plant,Wisconsin Rapids,WI,94495.0,Wood,Cancelled,,,20,Media Monitoring,https://www.datacenterdynamics.com/en/news/dpo-secures-land-and-power-supply-for-20mw-hpc-data-center-in-wisconsin/,https://www.wisconsinrapidstribune.com/story/money/2025/01/27/ai-computing-facility-wisconsin-rapids-digital-power-optimization/77969465007/,https://www.wisconsinrapidstribune.com/story/money/2025/07/23/digital-power-optimization-no-longer-plans-to-open-200-million-ai-data-center-in-wisconsin-rapids/85340839007/
Rhea super computing facility (NASA),"NASA Blvd, I-79 Technology Park",Fairmont,WV,26554.0,Marion,Proposed,,,,Crowdsourced,https://www.wvnews.com/statejournal/news/noaa-s-100m-rhea-supercomputer-coming-to-fairmont-boosting-west-virginia-tech-growth/article_5726208a-d3d7-404b-9eed-4cbb10cd26eb.html,,
Penzance Management ,near Bedington and Berkeley Station Rds,Martinsburg,WV,25404.0,Berkeley,Proposed,,,600,Media Monitoring,https://www.datacenterdynamics.com/en/news/penzance-targets-600mw-data-center-campus-in-west-virginia/,,
